AI 시스템 판정,종목명,종목코드,시장구분,후보출처,스크리너명,스크리너URL,후보소스메모,토스순위,토스카테고리,분야,토스현재가,토스등락률,토스시가총액(억),토스거래량,토스PER,토스매출성장률(%),토스순이익성장률(%),토스애널리스트분석,토스원본파일,토스정리일시,현재가,기본기술점수,종목점수,안전필터판정,시장경보,시장경보사유,재무등급,재무점수,가치부담,재무안전등급,재무안전점수,재무위험판정,재무안전사유,DART기준연도,영업이익(억),당기순이익(억),부채비율,자본총계(억),DART데이터상태,DART조회일,PER,PBR,ROE(추정),시가총액(억),재무위험사유,안전보정사유,추세필터판정,추세상태,추세메모,추세보정사유,MA20,MA60,MA60기울기,시장모드,최적 매매 조합,권장익절퍼센트,권장손절퍼센트,권장익절계획,권장손절계획,최적익절전략상세,최적손절전략상세,백테스트시작일,백테스트종료일,백테스트신뢰도점수,백테스트신뢰도,백테스트검증해석,백테스트주의메모,상세 전략 가이드,현재 RSI,ATR%,거래량배율,실전비용반영,매수비용률,매도비용률,슬리피지률,백테스트수익률,백테스트MDD,백테스트승률,거래횟수,추천투입금액,추천수량,거래대금(억),익절1조건,익절1가격,익절1비중,익절2조건,익절2가격,익절2비중,익절3조건,익절3가격,익절3비중,손절1조건,손절1가격,손절1비중,손절2조건,손절2가격,손절2비중,손절3조건,손절3가격,손절3비중,최근3년평균매출성장률,최근3년평균순이익성장률,DART성장률상태,DART성장률기준연도,최근3년매출액목록(억),최근3년순이익목록(억),DART성장률조회일,표시구분,공식업종,투자테마,표시분야,분야출처,네이버업종,DART공식업종,DART업종코드,분야가이드,실전점수,과열판정,과열사유,실전후보구분,실전진입판정,상세전략가이드,연속추천일수,최근7회추천횟수,반복추천등급,반복추천메모
✅ 선별 후보,ACE 미국우주테크액티브,001800,KOSPI,NAVER,네이버 거래량 상위,https://finance.naver.com/sise/sise_quant.naver,네이버 금융 거래량 상위 종목을 1차 후보로 사용,,,금융,,,,,,,,,,,26700,94,100,확인필요,미확인,,B,61,보통,B,73,정상,DART 재무안전 특이사항 낮음,2025,4877.3,3377.8,119.9,51559.4,DART API,2026-06-16,,,,,KRX PER/PBR/ROE/시가총액 데이터 부족 — 위험 판정이 아니라 추가확인 대상 / DART 재무안전 특이사항 낮음,시장경보 확인필요,안정형 통과,현재가>MA60 / 현재가>MA20 / MA20>MA60 / MA60기울기 0.62%,상승 추세 눌림 후보,안정형 통과 / 상승 추세 눌림 후보,25665,24755.83,0.62,방어 모드,[초단타] + [칼손절],+3% / +5% / +10%,-2% / -4% / -6%,"+3% / +5% / +10%
(70%) / (20%) / (10%)","-2% / -4% / -6%
(80%) / (10%) / (10%)",+3%▶70% 익절 / +5%▶20% 익절 / +10%▶10% 익절,-2%▶80% 손절 / -4%▶10% 손절 / -6%▶10% 손절,2026-01-02,2026-06-15,32,D,단독 사용 비권장,거래횟수 매우 부족 / MDD 안정 / 수익률 음수 / 승률 낮음,"분야 금융(공식업종) | 후보출처 NAVER, 시장 방어 모드, 기본기술점수 94점→안전필터/추세필터 반영 100점. 안전필터 확인필요, 시장경보 미확인, 재무등급 B, DART재무 B/정상, PER , PBR nan. RSI 55.4, TRIX 상승전환, ATR 6.6% 수준. 추세필터 안정형 통과(현재가>MA60 / 현재가>MA20 / MA20>MA60 / MA60기울기 0.62%). 백테스트 기준 2026-01-02 ~ 2026-06-15. 과거 구간 최적 조합은 [초단타] + [칼손절]. 백테스트 신뢰도는 D(단독 사용 비권장). 권장 익절은 +3% / +5% / +10%, 손절은 -2% / -4% / -6%. 익절 전략 상세: +3%▶70% 익절 / +5%▶20% 익절 / +10%▶10% 익절. 손절 전략 상세: -2%▶80% 손절 / -4%▶10% 손절 / -6%▶10% 손절. 전략백테스트는 매수비용 0.0005, 매도비용 0.0025, 슬리피지 0.0007를 반영. 추천 투입금액은 약 625,000원. 단, 장중 뉴스/호가/체결강도 확인 후 진입.",55.4,6.57,0.82,예,0.0005,0.0025,0.0007,0,0,0,0,625000,23,846.1,+3%,27501,0.7,+5%,28035,0.2,+10%,29370,0.1,-2%,26166,0.8,-4%,25632,0.1,-6%,25098,0.1,7.18,17.78,,"2023,2024,2025",29538.1 / 31952.5 / 33931.3,2904.1 / 4795.3 / 3377.8,2026-06-16,전체후보,금융,금융,금융,공식업종,,금융,649,표시분야: 금융 / 출처: 공식업종,100,정상,,✅ 선별 후보,조건 확인 후 진입,"후보출처 NAVER, 분야 금융, 점수 100점, 과열판정 정상. 추세/재무/백테스트를 함께 확인 후 진입.",7,7,🔥 강한 지속 후보,7회 연속 추천. 수급/추세가 계속 유지되는지 우선 관찰. 오늘 TOP5권이라 우선순위 높음.
✅ 선별 후보,샘씨엔에스,252990,KOSDAQ,NAVER,네이버 거래량 상위,https://finance.naver.com/sise/sise_quant.naver,네이버 금융 거래량 상위 종목을 1차 후보로 사용,,,반도체/전자부품,,,,,,,,,,,15080,89,98,확인필요,미확인,,B,63,보통,A,80,정상,DART 재무안전 특이사항 낮음,2025,146.7,150.6,52.4,1665.3,DART API,2026-06-16,,,,,KRX PER/PBR/ROE/시가총액 데이터 부족 — 위험 판정이 아니라 추가확인 대상 / DART 재무안전 특이사항 낮음,시장경보 확인필요,안정형 통과,현재가>MA60 / 현재가>MA20 / MA20>MA60 / MA60기울기 2.97%,상승 추세 눌림 후보,안정형 통과 / 상승 추세 눌림 후보,13302.5,12075.5,2.97,방어 모드,[수익극대화] + [칼손절],+10% / +20% / +40%,-2% / -4% / -6%,"+10% / +20% / +40%
(40%) / (30%) / (30%)","-2% / -4% / -6%
(80%) / (10%) / (10%)",+10%▶40% 익절 / +20%▶30% 익절 / +40%▶30% 익절,-2%▶80% 손절 / -4%▶10% 손절 / -6%▶10% 손절,2026-01-02,2026-06-15,65,B,참고 가능하나 추가 검증 필요,거래횟수 매우 부족 / MDD 안정,"분야 반도체/전자부품(공식업종) | 후보출처 NAVER, 시장 방어 모드, 기본기술점수 89점→안전필터/추세필터 반영 98점. 안전필터 확인필요, 시장경보 미확인, 재무등급 B, DART재무 A/정상, PER , PBR nan. RSI 57.4, TRIX 상승전환, ATR 11.3% 수준. 추세필터 안정형 통과(현재가>MA60 / 현재가>MA20 / MA20>MA60 / MA60기울기 2.97%). 백테스트 기준 2026-01-02 ~ 2026-06-15. 과거 구간 최적 조합은 [수익극대화] + [칼손절]. 백테스트 신뢰도는 B(참고 가능하나 추가 검증 필요). 권장 익절은 +10% / +20% / +40%, 손절은 -2% / -4% / -6%. 익절 전략 상세: +10%▶40% 익절 / +20%▶30% 익절 / +40%▶30% 익절. 손절 전략 상세: -2%▶80% 손절 / -4%▶10% 손절 / -6%▶10% 손절. 전략백테스트는 매수비용 0.0005, 매도비용 0.0025, 슬리피지 0.0007를 반영. 추천 투입금액은 약 612,500원. 단, 장중 뉴스/호가/체결강도 확인 후 진입.",57.4,11.31,0.85,예,0.0005,0.0025,0.0007,18.38,-5.67,80,5,612500,40,150.5,+10%,16588,0.4,+20%,18096,0.3,+40%,21112,0.3,-2%,14778,0.8,-4%,14476,0.1,-6%,14175,0.1,59.31,353.96,,"2023,2024,2025",309.3 / 533.2 / 779.9,-13.1 / 33.2 / 150.6,2026-06-16,전체후보,반도체/전자부품,금융,반도체/전자부품,공식업종,,반도체/전자부품,2629,표시분야: 반도체/전자부품 / 출처: 공식업종,90,정상,고변동성 ATR 11.3%,✅ 선별 후보,조건 확인 후 진입,"[과열 체크] 고변동성 ATR 11.3%. 추격매수보다 눌림·재돌파 확인 우선.
후보출처 NAVER, 분야 반도체/전자부품, 점수 98점, 과열판정 정상. 추세/재무/백테스트를 함께 확인 후 진입.",3,6,⭐ 연속 주목 후보,3회 연속 추천. 신규 진입보다 눌림/조건 확인 후 접근. 오늘 TOP5권이라 우선순위 높음.
✅ 선별 후보,드림텍,192650,KOSPI,NAVER,네이버 거래량 상위,https://finance.naver.com/sise/sise_quant.naver,네이버 금융 거래량 상위 종목을 1차 후보로 사용,,,반도체/전자부품,,,,,,,,,,,6320,93,95,확인필요,미확인,,B,61,보통,B,73,정상,DART 재무안전 특이사항 낮음,2025,313.7,132.5,178.3,4841.8,DART API,2026-06-16,,,,,KRX PER/PBR/ROE/시가총액 데이터 부족 — 위험 판정이 아니라 추가확인 대상 / DART 재무안전 특이사항 낮음,시장경보 확인필요,공격형 통과,현재가>MA60 / 현재가>MA20 / MA20<MA60 / MA60기울기 -2.26%,60일선 위 단기 회복 후보,공격형 통과 / 60일선 위 단기 회복 후보,5197,6187.33,-2.26,방어 모드,[초단타] + [칼손절],+3% / +5% / +10%,-2% / -4% / -6%,"+3% / +5% / +10%
(70%) / (20%) / (10%)","-2% / -4% / -6%
(80%) / (10%) / (10%)",+3%▶70% 익절 / +5%▶20% 익절 / +10%▶10% 익절,-2%▶80% 손절 / -4%▶10% 손절 / -6%▶10% 손절,2026-01-02,2026-06-15,23,D,단독 사용 비권장,거래횟수 매우 부족 / MDD 보통 / 수익률 음수 / 승률 낮음,"분야 반도체/전자부품(공식업종) | 후보출처 NAVER, 시장 방어 모드, 기본기술점수 93점→안전필터/추세필터 반영 95점. 안전필터 확인필요, 시장경보 미확인, 재무등급 B, DART재무 B/정상, PER , PBR nan. RSI 61.7, TRIX 상승전환, ATR 7.1% 수준. 추세필터 공격형 통과(현재가>MA60 / 현재가>MA20 / MA20<MA60 / MA60기울기 -2.26%). 백테스트 기준 2026-01-02 ~ 2026-06-15. 과거 구간 최적 조합은 [초단타] + [칼손절]. 백테스트 신뢰도는 D(단독 사용 비권장). 권장 익절은 +3% / +5% / +10%, 손절은 -2% / -4% / -6%. 익절 전략 상세: +3%▶70% 익절 / +5%▶20% 익절 / +10%▶10% 익절. 손절 전략 상세: -2%▶80% 손절 / -4%▶10% 손절 / -6%▶10% 손절. 전략백테스트는 매수비용 0.0005, 매도비용 0.0025, 슬리피지 0.0007를 반영. 추천 투입금액은 약 593,750원. 단, 장중 뉴스/호가/체결강도 확인 후 진입.",61.7,7.08,5.48,예,0.0005,0.0025,0.0007,-12.86,-12.86,0,5,593750,93,232,+3%,6509,0.7,+5%,6636,0.2,+10%,6952,0.1,-2%,6193,0.8,-4%,6067,0.1,-6%,5940,0.1,9.38,-24.38,,"2023,2024,2025",10303.8 / 11726.8 / 12306.2,269.5 / 127.4 / 132.5,2026-06-16,전체후보,반도체/전자부품,금융,반도체/전자부품,공식업종,,반도체/전자부품,2629,표시분야: 반도체/전자부품 / 출처: 공식업종,95,정상,,✅ 선별 후보,조건 확인 후 진입,"후보출처 NAVER, 분야 반도체/전자부품, 점수 95점, 과열판정 정상. 추세/재무/백테스트를 함께 확인 후 진입.",1,1,신규/단발 후보,오늘 처음 또는 단발성 등장. 과열/뉴스 확인 우선.
✅ 선별 후보,위더스제약,330350,KOSDAQ,"NAVER,TOSS_CSV","333 PDF 추천리스트,네이버 거래량 상위","https://finance.naver.com/sise/sise_quant.naver,https://www.tossinvest.com/screener/4",PDF 이미지 기반 추출 / 네이버 금융 거래량 상위 종목을 1차 후보로 사용,,,제약/바이오,,,,,,,,,,,8180,98,92,확인필요,미확인,,C,59,높음,B,69,정상,DART 재무안전 특이사항 낮음,2025,56.6,49.7,139.4,980.1,DART API,2026-06-16,,,,,KRX PER/PBR/ROE/시가총액 데이터 부족 — 위험 판정이 아니라 추가확인 대상 / DART 재무안전 특이사항 낮음,시장경보 확인필요 / 재무등급 C,공격형 통과,현재가>MA60 / 현재가>MA20 / MA20<MA60 / MA60기울기 -1.51%,60일선 위 단기 회복 후보,공격형 통과 / 60일선 위 단기 회복 후보,7106,8158.5,-1.51,방어 모드,[초단타] + [칼손절],+3% / +5% / +10%,-2% / -4% / -6%,"+3% / +5% / +10%
(70%) / (20%) / (10%)","-2% / -4% / -6%
(80%) / (10%) / (10%)",+3%▶70% 익절 / +5%▶20% 익절 / +10%▶10% 익절,-2%▶80% 손절 / -4%▶10% 손절 / -6%▶10% 손절,2026-01-02,2026-06-15,32,D,단독 사용 비권장,거래횟수 매우 부족 / MDD 안정 / 수익률 음수 / 승률 낮음,"분야 제약/바이오(공식업종) | 후보출처 NAVER,TOSS_CSV, 시장 방어 모드, 기본기술점수 98점→안전필터/추세필터 반영 92점. 안전필터 확인필요, 시장경보 미확인, 재무등급 C, DART재무 B/정상, PER , PBR nan. RSI 61.9, TRIX 상승전환, ATR 6.3% 수준. 추세필터 공격형 통과(현재가>MA60 / 현재가>MA20 / MA20<MA60 / MA60기울기 -1.51%). 백테스트 기준 2026-01-02 ~ 2026-06-15. 과거 구간 최적 조합은 [초단타] + [칼손절]. 백테스트 신뢰도는 D(단독 사용 비권장). 권장 익절은 +3% / +5% / +10%, 손절은 -2% / -4% / -6%. 익절 전략 상세: +3%▶70% 익절 / +5%▶20% 익절 / +10%▶10% 익절. 손절 전략 상세: -2%▶80% 손절 / -4%▶10% 손절 / -6%▶10% 손절. 전략백테스트는 매수비용 0.0005, 매도비용 0.0025, 슬리피지 0.0007를 반영. 추천 투입금액은 약 575,000원. 단, 장중 뉴스/호가/체결강도 확인 후 진입.",61.9,6.35,15.43,예,0.0005,0.0025,0.0007,0,0,0,0,575000,70,248.5,+3%,8425,0.7,+5%,8589,0.2,+10%,8998,0.1,-2%,8016,0.8,-4%,7852,0.1,-6%,7689,0.1,15.92,-18.04,,"2023,2024,2025",801.2 / 1027.2 / 1064.4,79.6 / 47.8 / 49.7,2026-06-16,전체후보,제약/바이오,제약/바이오,제약/바이오,공식업종,,제약/바이오,212,표시분야: 제약/바이오 / 출처: 공식업종,92,정상,,✅ 선별 후보,조건 확인 후 진입,"후보출처 NAVER,TOSS_CSV, 분야 제약/바이오, 점수 92점, 과열판정 정상. 추세/재무/백테스트를 함께 확인 후 진입.",1,1,신규/단발 후보,오늘 처음 또는 단발성 등장. 과열/뉴스 확인 우선.
⚠️ 소액/재무 관찰,대한항공,003490,KOSPI,NAVER,네이버 거래량 상위,https://finance.naver.com/sise/sise_quant.naver,네이버 금융 거래량 상위 종목을 1차 후보로 사용,,,항공운송,,,,,,,,,,,30000,100,89,확인필요,미확인,,C,55,높음,C,55,재무주의,부채비율 340% 과다,2025,11135.9,6472.7,339.9,114591,DART API,2026-06-16,,,,,KRX PER/PBR/ROE/시가총액 데이터 부족 — 위험 판정이 아니라 추가확인 대상 / 부채비율 340% 과다,시장경보 확인필요 / 재무등급 C / DART 재무주의,안정형 통과,현재가>MA60 / 현재가>MA20 / MA20>MA60 / MA60기울기 0.60%,상승 추세 눌림 후보,안정형 통과 / 상승 추세 눌림 후보,26005,25235,0.6,방어 모드,[초단타] + [칼손절],+3% / +5% / +10%,-2% / -4% / -6%,"+3% / +5% / +10%
(70%) / (20%) / (10%)","-2% / -4% / -6%
(80%) / (10%) / (10%)",+3%▶70% 익절 / +5%▶20% 익절 / +10%▶10% 익절,-2%▶80% 손절 / -4%▶10% 손절 / -6%▶10% 손절,2026-01-02,2026-06-15,32,D,단독 사용 비권장,거래횟수 매우 부족 / MDD 안정 / 수익률 음수 / 승률 낮음,"분야 항공운송(공식업종) | 후보출처 NAVER, 시장 방어 모드, 기본기술점수 100점→안전필터/추세필터 반영 89점. 안전필터 확인필요, 시장경보 미확인, 재무등급 C, DART재무 C/재무주의, PER , PBR nan. RSI 67.0, TRIX 상승전환, ATR 5.0% 수준. 추세필터 안정형 통과(현재가>MA60 / 현재가>MA20 / MA20>MA60 / MA60기울기 0.60%). 백테스트 기준 2026-01-02 ~ 2026-06-15. 과거 구간 최적 조합은 [초단타] + [칼손절]. 백테스트 신뢰도는 D(단독 사용 비권장). 권장 익절은 +3% / +5% / +10%, 손절은 -2% / -4% / -6%. 익절 전략 상세: +3%▶70% 익절 / +5%▶20% 익절 / +10%▶10% 익절. 손절 전략 상세: -2%▶80% 손절 / -4%▶10% 손절 / -6%▶10% 손절. 전략백테스트는 매수비용 0.0005, 매도비용 0.0025, 슬리피지 0.0007를 반영. 추천 투입금액은 약 556,250원. 단, 장중 뉴스/호가/체결강도 확인 후 진입.",67,4.96,4.63,예,0.0005,0.0025,0.0007,0,0,0,0,556250,18,3583.2,+3%,30900,0.7,+5%,31500,0.2,+10%,33000,0.1,-2%,29400,0.8,-4%,28800,0.1,-6%,28200,0.1,,-15.39,,"2023,2024,2025",/ 178707.2 /,11291.1 / 13818.6 / 6472.7,2026-06-16,전체후보,항공운송,금융,항공운송,공식업종,,항공운송,511,표시분야: 항공운송 / 출처: 공식업종,89,정상,,⚠️ 소액/재무 관찰,조건 확인 후 진입,"후보출처 NAVER, 분야 항공운송, 점수 89점, 과열판정 정상. 추세/재무/백테스트를 함께 확인 후 진입.",1,1,신규/단발 후보,오늘 처음 또는 단발성 등장. 과열/뉴스 확인 우선.
✅ 선별 후보,HMM,011200,KOSPI,NAVER,네이버 거래량 상위,https://finance.naver.com/sise/sise_quant.naver,네이버 금융 거래량 상위 종목을 1차 후보로 사용,,,해운/항공,,,,,,,,,,,21300,83,87,확인필요,미확인,,B,63,보통,A,80,정상,DART 재무안전 특이사항 낮음,2025,14612,18787.3,26.3,265712.8,DART API,2026-06-16,,,,,KRX PER/PBR/ROE/시가총액 데이터 부족 — 위험 판정이 아니라 추가확인 대상 / DART 재무안전 특이사항 낮음,시장경보 확인필요,공격형 통과,현재가>MA60 / 현재가>MA20 / MA20<MA60 / MA60기울기 -0.64%,60일선 위 단기 회복 후보,공격형 통과 / 60일선 위 단기 회복 후보,19690.5,20259.17,-0.64,방어 모드,[초단타] + [칼손절],+3% / +5% / +10%,-2% / -4% / -6%,"+3% / +5% / +10%
(70%) / (20%) / (10%)","-2% / -4% / -6%
(80%) / (10%) / (10%)",+3%▶70% 익절 / +5%▶20% 익절 / +10%▶10% 익절,-2%▶80% 손절 / -4%▶10% 손절 / -6%▶10% 손절,2026-01-02,2026-06-15,32,D,단독 사용 비권장,거래횟수 매우 부족 / MDD 안정 / 수익률 음수 / 승률 낮음,"분야 해운/항공(공식업종) | 후보출처 NAVER, 시장 방어 모드, 기본기술점수 83점→안전필터/추세필터 반영 87점. 안전필터 확인필요, 시장경보 미확인, 재무등급 B, DART재무 A/정상, PER , PBR nan. RSI 62.3, TRIX 상승전환, ATR 4.1% 수준. 추세필터 공격형 통과(현재가>MA60 / 현재가>MA20 / MA20<MA60 / MA60기울기 -0.64%). 백테스트 기준 2026-01-02 ~ 2026-06-15. 과거 구간 최적 조합은 [초단타] + [칼손절]. 백테스트 신뢰도는 D(단독 사용 비권장). 권장 익절은 +3% / +5% / +10%, 손절은 -2% / -4% / -6%. 익절 전략 상세: +3%▶70% 익절 / +5%▶20% 익절 / +10%▶10% 익절. 손절 전략 상세: -2%▶80% 손절 / -4%▶10% 손절 / -6%▶10% 손절. 전략백테스트는 매수비용 0.0005, 매도비용 0.0025, 슬리피지 0.0007를 반영. 추천 투입금액은 약 543,750원. 단, 장중 뉴스/호가/체결강도 확인 후 진입.",62.3,4.05,1.75,예,0.0005,0.0025,0.0007,0,0,0,0,543750,25,663.1,+3%,21939,0.7,+5%,22365,0.2,+10%,23430,0.1,-2%,20874,0.8,-4%,20448,0.1,-6%,20022,0.1,16.18,120.06,,"2023,2024,2025",84009.7 / 117002.2 / 108914.4,9686.9 / 37821.3 / 18787.3,2026-06-16,전체후보,해운/항공,금융,해운/항공,공식업종,,해운/항공,50112,표시분야: 해운/항공 / 출처: 공식업종,87,정상,,✅ 선별 후보,조건 확인 후 진입,"후보출처 NAVER, 분야 해운/항공, 점수 87점, 과열판정 정상. 추세/재무/백테스트를 함께 확인 후 진입.",1,1,신규/단발 후보,오늘 처음 또는 단발성 등장. 과열/뉴스 확인 우선.
✅ 선별 후보,후성,093370,KOSPI,NAVER,네이버 거래량 상위,https://finance.naver.com/sise/sise_quant.naver,네이버 금융 거래량 상위 종목을 1차 후보로 사용,,,화학,,,,,,,,,,,22400,73,80,확인필요,미확인,,B,61,보통,B,73,정상,DART 재무안전 특이사항 낮음,2025,253.5,70.3,112.5,3893.5,DART API,2026-06-16,,,,,KRX PER/PBR/ROE/시가총액 데이터 부족 — 위험 판정이 아니라 추가확인 대상 / DART 재무안전 특이사항 낮음,시장경보 확인필요,안정형 통과,현재가>MA60 / 현재가>MA20 / MA20>MA60 / MA60기울기 8.03%,상승 추세 눌림 후보,안정형 통과 / 상승 추세 눌림 후보,13169.5,11585,8.03,방어 모드,[대표님룰] + [칼손절],+5% / +10% / +30%,-2% / -4% / -6%,"+5% / +10% / +30%
(60%) / (30%) / (10%)","-2% / -4% / -6%
(80%) / (10%) / (10%)",+5%▶60% 익절 / +10%▶30% 익절 / +30%▶10% 익절,-2%▶80% 손절 / -4%▶10% 손절 / -6%▶10% 손절,2026-01-02,2026-06-15,69,B,참고 가능하나 추가 검증 필요,거래횟수 매우 부족 / MDD 안정,"분야 화학(공식업종) | 후보출처 NAVER, 시장 방어 모드, 기본기술점수 73점→안전필터/추세필터 반영 80점. 안전필터 확인필요, 시장경보 미확인, 재무등급 B, DART재무 B/정상, PER , PBR nan. RSI 79.6, TRIX 상승전환, ATR 8.7% 수준. 추세필터 안정형 통과(현재가>MA60 / 현재가>MA20 / MA20>MA60 / MA60기울기 8.03%). 백테스트 기준 2026-01-02 ~ 2026-06-15. 과거 구간 최적 조합은 [대표님룰] + [칼손절]. 백테스트 신뢰도는 B(참고 가능하나 추가 검증 필요). 권장 익절은 +5% / +10% / +30%, 손절은 -2% / -4% / -6%. 익절 전략 상세: +5%▶60% 익절 / +10%▶30% 익절 / +30%▶10% 익절. 손절 전략 상세: -2%▶80% 손절 / -4%▶10% 손절 / -6%▶10% 손절. 전략백테스트는 매수비용 0.0005, 매도비용 0.0025, 슬리피지 0.0007를 반영. 추천 투입금액은 약 500,000원. 단, 장중 뉴스/호가/체결강도 확인 후 진입.",79.6,8.68,2.99,예,0.0005,0.0025,0.0007,45.58,-2.72,85.7,7,500000,22,3673,+5%,23520,0.6,+10%,24640,0.3,+30%,29120,0.1,-2%,21952,0.8,-4%,21504,0.1,-6%,21056,0.1,-4.3,,,"2023,2024,2025",5231.9 / 4378.0 / 4715.6,-843.9 / -833.6 / 70.3,2026-06-16,전체후보,화학,금융,화학,공식업종,,화학,20129,표시분야: 화학 / 출처: 공식업종,72,정상,고변동성 ATR 8.7%,✅ 선별 후보,조건 확인 후 진입,"[과열 체크] 고변동성 ATR 8.7%. 추격매수보다 눌림·재돌파 확인 우선.
후보출처 NAVER, 분야 화학, 점수 80점, 과열판정 정상. 추세/재무/백테스트를 함께 확인 후 진입.",3,6,⭐ 연속 주목 후보,3회 연속 추천. 신규 진입보다 눌림/조건 확인 후 접근.
✅ 선별 후보,화신정공,126640,KOSDAQ,NAVER,네이버 거래량 상위,https://finance.naver.com/sise/sise_quant.naver,네이버 금융 거래량 상위 종목을 1차 후보로 사용,,,자동차/부품,,,,,,,,,,,5260,67,74,확인필요,미확인,,B,61,보통,B,73,정상,DART 재무안전 특이사항 낮음,2025,117.8,103.1,167,1185.1,DART API,2026-06-16,,,,,KRX PER/PBR/ROE/시가총액 데이터 부족 — 위험 판정이 아니라 추가확인 대상 / DART 재무안전 특이사항 낮음,시장경보 확인필요,안정형 통과,현재가>MA60 / 현재가>MA20 / MA20>MA60 / MA60기울기 14.94%,상승 추세 눌림 후보,안정형 통과 / 상승 추세 눌림 후보,2628.8,1916.33,14.94,방어 모드,[초단타] + [칼손절],+3% / +5% / +10%,-2% / -4% / -6%,"+3% / +5% / +10%
(70%) / (20%) / (10%)","-2% / -4% / -6%
(80%) / (10%) / (10%)",+3%▶70% 익절 / +5%▶20% 익절 / +10%▶10% 익절,-2%▶80% 손절 / -4%▶10% 손절 / -6%▶10% 손절,2026-01-02,2026-06-15,32,D,단독 사용 비권장,거래횟수 매우 부족 / MDD 안정 / 수익률 음수 / 승률 낮음,"분야 자동차/부품(공식업종) | 후보출처 NAVER, 시장 방어 모드, 기본기술점수 67점→안전필터/추세필터 반영 74점. 안전필터 확인필요, 시장경보 미확인, 재무등급 B, DART재무 B/정상, PER , PBR nan. RSI 92.6, TRIX 상승전환, ATR 10.6% 수준. 추세필터 안정형 통과(현재가>MA60 / 현재가>MA20 / MA20>MA60 / MA60기울기 14.94%). 백테스트 기준 2026-01-02 ~ 2026-06-15. 과거 구간 최적 조합은 [초단타] + [칼손절]. 백테스트 신뢰도는 D(단독 사용 비권장). 권장 익절은 +3% / +5% / +10%, 손절은 -2% / -4% / -6%. 익절 전략 상세: +3%▶70% 익절 / +5%▶20% 익절 / +10%▶10% 익절. 손절 전략 상세: -2%▶80% 손절 / -4%▶10% 손절 / -6%▶10% 손절. 전략백테스트는 매수비용 0.0005, 매도비용 0.0025, 슬리피지 0.0007를 반영. 추천 투입금액은 약 462,500원. 단, 장중 뉴스/호가/체결강도 확인 후 진입.",92.6,10.63,2.2,예,0.0005,0.0025,0.0007,0,0,0,0,462500,87,743.7,+3%,5417,0.7,+5%,5523,0.2,+10%,5786,0.1,-2%,5154,0.8,-4%,5049,0.1,-6%,4944,0.1,3.58,110.19,,"2023,2024,2025",3598.8 / 3219.6 / 3789.4,90.3 / 26.4 / 103.1,2026-06-16,전체후보,자동차/부품,금융,자동차/부품,공식업종,,자동차/부품,303,표시분야: 자동차/부품 / 출처: 공식업종,66,정상,고변동성 ATR 10.6%,✅ 선별 후보,조건 확인 후 진입,"[과열 체크] 고변동성 ATR 10.6%. 추격매수보다 눌림·재돌파 확인 우선.
후보출처 NAVER, 분야 자동차/부품, 점수 74점, 과열판정 정상. 추세/재무/백테스트를 함께 확인 후 진입.",3,3,⭐ 연속 주목 후보,3회 연속 추천. 신규 진입보다 눌림/조건 확인 후 접근.
✅ 선별 후보,아이로보틱스,066430,KOSDAQ,NAVER,네이버 거래량 상위,https://finance.naver.com/sise/sise_quant.naver,네이버 금융 거래량 상위 종목을 1차 후보로 사용,,,도매,,,,,,,,,,,4280,64,73,확인필요,미확인,,B,62,보통,A,76,정상,DART 재무안전 특이사항 낮음,2025,1.7,17,15.9,440.7,DART API,2026-06-16,,,,,KRX PER/PBR/ROE/시가총액 데이터 부족 — 위험 판정이 아니라 추가확인 대상 / DART 재무안전 특이사항 낮음,시장경보 확인필요,안정형 통과,현재가>MA60 / 현재가>MA20 / MA20>MA60 / MA60기울기 4.95%,상승 추세 눌림 후보,안정형 통과 / 상승 추세 눌림 후보,3486.25,2536.38,4.95,방어 모드,[수익극대화] + [변동성허용],+10% / +20% / +40%,-5% / -10% / -15%,"+10% / +20% / +40%
(40%) / (30%) / (30%)","-5% / -10% / -15%
(50%) / (30%) / (20%)",+10%▶40% 익절 / +20%▶30% 익절 / +40%▶30% 익절,-5%▶50% 손절 / -10%▶30% 손절 / -15%▶20% 손절,2026-01-02,2026-06-15,68,B,참고 가능하나 추가 검증 필요,거래횟수 매우 부족 / MDD 안정,"분야 도매(공식업종) | 후보출처 NAVER, 시장 방어 모드, 기본기술점수 64점→안전필터/추세필터 반영 73점. 안전필터 확인필요, 시장경보 미확인, 재무등급 B, DART재무 A/정상, PER , PBR nan. RSI 63.3, TRIX 상승전환, ATR 14.8% 수준. 추세필터 안정형 통과(현재가>MA60 / 현재가>MA20 / MA20>MA60 / MA60기울기 4.95%). 백테스트 기준 2026-01-02 ~ 2026-06-15. 과거 구간 최적 조합은 [수익극대화] + [변동성허용]. 백테스트 신뢰도는 B(참고 가능하나 추가 검증 필요). 권장 익절은 +10% / +20% / +40%, 손절은 -5% / -10% / -15%. 익절 전략 상세: +10%▶40% 익절 / +20%▶30% 익절 / +40%▶30% 익절. 손절 전략 상세: -5%▶50% 손절 / -10%▶30% 손절 / -15%▶20% 손절. 전략백테스트는 매수비용 0.0005, 매도비용 0.0025, 슬리피지 0.0007를 반영. 추천 투입금액은 약 456,250원. 단, 장중 뉴스/호가/체결강도 확인 후 진입.",63.3,14.79,0.58,예,0.0005,0.0025,0.0007,29.85,-9.41,100,3,456250,106,363,+10%,4708,0.4,+20%,5136,0.3,+40%,5992,0.3,-5%,4066,0.5,-10%,3852,0.3,-15%,3638,0.2,0.9,-117.41,,"2023,2024,2025",357.8 / 361.5 / 364.3,28.0 / -4.9 / 17.0,2026-06-16,전체후보,도매,로봇,도매,공식업종,,도매,467,표시분야: 도매 / 출처: 공식업종,57,정상,고변동성 ATR 14.8% / 백테스트 거래횟수 부족(3회),✅ 선별 후보,조건 확인 후 진입,"[과열 체크] 고변동성 ATR 14.8% / 백테스트 거래횟수 부족(3회). 추격매수보다 눌림·재돌파 확인 우선.
후보출처 NAVER, 분야 도매, 점수 73점, 과열판정 정상. 추세/재무/백테스트를 함께 확인 후 진입.",,,,
⚠️ 소액/재무 관찰,에이팩트,200470,KOSDAQ,NAVER,네이버 거래량 상위,https://finance.naver.com/sise/sise_quant.naver,네이버 금융 거래량 상위 종목을 1차 후보로 사용,,,반도체/전자부품,,,,,,,,,,,12150,84,73,확인필요,미확인,,C,53,높음,C,51,재무주의,부채비율 259% 과다,2025,52.7,52.3,259.1,701.9,DART API,2026-06-16,,,,,KRX PER/PBR/ROE/시가총액 데이터 부족 — 위험 판정이 아니라 추가확인 대상 / 부채비율 259% 과다,시장경보 확인필요 / 재무등급 C / DART 재무주의,안정형 통과,현재가>MA60 / 현재가>MA20 / MA20>MA60 / MA60기울기 2.93%,상승 추세 눌림 후보,안정형 통과 / 상승 추세 눌림 후보,8999.5,8329,2.93,방어 모드,[초단타] + [칼손절],+3% / +5% / +10%,-2% / -4% / -6%,"+3% / +5% / +10%
(70%) / (20%) / (10%)","-2% / -4% / -6%
(80%) / (10%) / (10%)",+3%▶70% 익절 / +5%▶20% 익절 / +10%▶10% 익절,-2%▶80% 손절 / -4%▶10% 손절 / -6%▶10% 손절,2026-01-02,2026-06-15,32,D,단독 사용 비권장,거래횟수 매우 부족 / MDD 안정 / 수익률 음수 / 승률 낮음,"분야 반도체/전자부품(공식업종) | 후보출처 NAVER, 시장 방어 모드, 기본기술점수 84점→안전필터/추세필터 반영 73점. 안전필터 확인필요, 시장경보 미확인, 재무등급 C, DART재무 C/재무주의, PER , PBR nan. RSI 68.2, TRIX 상승전환, ATR 10.5% 수준. 추세필터 안정형 통과(현재가>MA60 / 현재가>MA20 / MA20>MA60 / MA60기울기 2.93%). 백테스트 기준 2026-01-02 ~ 2026-06-15. 과거 구간 최적 조합은 [초단타] + [칼손절]. 백테스트 신뢰도는 D(단독 사용 비권장). 권장 익절은 +3% / +5% / +10%, 손절은 -2% / -4% / -6%. 익절 전략 상세: +3%▶70% 익절 / +5%▶20% 익절 / +10%▶10% 익절. 손절 전략 상세: -2%▶80% 손절 / -4%▶10% 손절 / -6%▶10% 손절. 전략백테스트는 매수비용 0.0005, 매도비용 0.0025, 슬리피지 0.0007를 반영. 추천 투입금액은 약 456,250원. 단, 장중 뉴스/호가/체결강도 확인 후 진입.",68.2,10.53,1.22,예,0.0005,0.0025,0.0007,0,0,0,0,456250,37,187.8,+3%,12514,0.7,+5%,12757,0.2,+10%,13365,0.1,-2%,11907,0.8,-4%,11664,0.1,-6%,11421,0.1,10.25,,,"2023,2024,2025",937.4 / 867.2 / 1110.0,-166.5 / -507.2 / 52.3,2026-06-16,전체후보,반도체/전자부품,금융,반도체/전자부품,공식업종,,반도체/전자부품,261,표시분야: 반도체/전자부품 / 출처: 공식업종,65,정상,고변동성 ATR 10.5%,⚠️ 소액/재무 관찰,조건 확인 후 진입,"[과열 체크] 고변동성 ATR 10.5%. 추격매수보다 눌림·재돌파 확인 우선.
후보출처 NAVER, 분야 반도체/전자부품, 점수 73점, 과열판정 정상. 추세/재무/백테스트를 함께 확인 후 진입.",3,3,⭐ 연속 주목 후보,3회 연속 추천. 신규 진입보다 눌림/조건 확인 후 접근.
📊 관망,KODEX 미국나스닥100데일리커버드콜OTM,494300,KOSPI,NAVER,네이버 거래량 상위,https://finance.naver.com/sise/sise_quant.naver,네이버 금융 거래량 상위 종목을 1차 후보로 사용,,,분야확인필요,,,,,,,,,,,11035,73,70,확인필요,미확인,,C,53,높음,데이터부족,50,확인필요,DART 재무데이터 부족 또는 API키 미입력,2025,,,,,기업코드없음,2026-06-16,,,,,KRX PER/PBR/ROE/시가총액 데이터 부족 — 위험 판정이 아니라 추가확인 대상 / DART 재무데이터 부족 또는 API키 미입력,시장경보 확인필요 / 재무등급 C,안정형 통과,현재가>MA60 / 현재가>MA20 / MA20>MA60 / MA60기울기 0.90%,상승 추세 눌림 후보,안정형 통과 / 상승 추세 눌림 후보,10929,10271.63,0.9,방어 모드,[초단타] + [칼손절],+3% / +5% / +10%,-2% / -4% / -6%,"+3% / +5% / +10%
(70%) / (20%) / (10%)","-2% / -4% / -6%
(80%) / (10%) / (10%)",+3%▶70% 익절 / +5%▶20% 익절 / +10%▶10% 익절,-2%▶80% 손절 / -4%▶10% 손절 / -6%▶10% 손절,2026-01-02,2026-06-15,32,D,단독 사용 비권장,거래횟수 매우 부족 / MDD 안정 / 수익률 음수 / 승률 낮음,"분야 분야확인필요(확인필요) | 후보출처 NAVER, 시장 방어 모드, 기본기술점수 73점→안전필터/추세필터 반영 70점. 안전필터 확인필요, 시장경보 미확인, 재무등급 C, DART재무 데이터부족/확인필요, PER , PBR nan. RSI 58.9, TRIX 둔화, ATR 2.0% 수준. 추세필터 안정형 통과(현재가>MA60 / 현재가>MA20 / MA20>MA60 / MA60기울기 0.90%). 백테스트 기준 2026-01-02 ~ 2026-06-15. 과거 구간 최적 조합은 [초단타] + [칼손절]. 백테스트 신뢰도는 D(단독 사용 비권장). 권장 익절은 +3% / +5% / +10%, 손절은 -2% / -4% / -6%. 익절 전략 상세: +3%▶70% 익절 / +5%▶20% 익절 / +10%▶10% 익절. 손절 전략 상세: -2%▶80% 손절 / -4%▶10% 손절 / -6%▶10% 손절. 전략백테스트는 매수비용 0.0005, 매도비용 0.0025, 슬리피지 0.0007를 반영. 추천 투입금액은 약 437,500원. 단, 장중 뉴스/호가/체결강도 확인 후 진입.",58.9,1.97,1.35,예,0.0005,0.0025,0.0007,0,0,0,0,437500,39,272.2,+3%,11366,0.7,+5%,11586,0.2,+10%,12138,0.1,-2%,10814,0.8,-4%,10593,0.1,-6%,10372,0.1,,,,,,,2026-06-16,전체후보,,AI/소프트웨어,분야확인필요,확인필요,,,,표시분야: 분야확인필요 / 출처: 확인필요,70,정상,,📊 관망,조건 확인 후 진입,"후보출처 NAVER, 분야 AI/소프트웨어, 점수 70점, 과열판정 정상. 추세/재무/백테스트를 함께 확인 후 진입.",1,1,신규/단발 후보,오늘 처음 또는 단발성 등장. 과열/뉴스 확인 우선.
📊 관망,TIGER 미국S&P500,360750,KOSPI,NAVER,네이버 거래량 상위,https://finance.naver.com/sise/sise_quant.naver,네이버 금융 거래량 상위 종목을 1차 후보로 사용,,,분야확인필요,,,,,,,,,,,28220,72,69,확인필요,미확인,,C,53,높음,데이터부족,50,확인필요,DART 재무데이터 부족 또는 API키 미입력,2025,,,,,기업코드없음,2026-06-16,,,,,KRX PER/PBR/ROE/시가총액 데이터 부족 — 위험 판정이 아니라 추가확인 대상 / DART 재무데이터 부족 또는 API키 미입력,시장경보 확인필요 / 재무등급 C,안정형 통과,현재가>MA60 / 현재가>MA20 / MA20>MA60 / MA60기울기 1.01%,상승 추세 눌림 후보,안정형 통과 / 상승 추세 눌림 후보,28027,26352.75,1.01,방어 모드,[초단타] + [칼손절],+3% / +5% / +10%,-2% / -4% / -6%,"+3% / +5% / +10%
(70%) / (20%) / (10%)","-2% / -4% / -6%
(80%) / (10%) / (10%)",+3%▶70% 익절 / +5%▶20% 익절 / +10%▶10% 익절,-2%▶80% 손절 / -4%▶10% 손절 / -6%▶10% 손절,2026-01-02,2026-06-15,32,D,단독 사용 비권장,거래횟수 매우 부족 / MDD 안정 / 수익률 음수 / 승률 낮음,"분야 분야확인필요(확인필요) | 후보출처 NAVER, 시장 방어 모드, 기본기술점수 72점→안전필터/추세필터 반영 69점. 안전필터 확인필요, 시장경보 미확인, 재무등급 C, DART재무 데이터부족/확인필요, PER , PBR nan. RSI 61.2, TRIX 둔화, ATR 1.1% 수준. 추세필터 안정형 통과(현재가>MA60 / 현재가>MA20 / MA20>MA60 / MA60기울기 1.01%). 백테스트 기준 2026-01-02 ~ 2026-06-15. 과거 구간 최적 조합은 [초단타] + [칼손절]. 백테스트 신뢰도는 D(단독 사용 비권장). 권장 익절은 +3% / +5% / +10%, 손절은 -2% / -4% / -6%. 익절 전략 상세: +3%▶70% 익절 / +5%▶20% 익절 / +10%▶10% 익절. 손절 전략 상세: -2%▶80% 손절 / -4%▶10% 손절 / -6%▶10% 손절. 전략백테스트는 매수비용 0.0005, 매도비용 0.0025, 슬리피지 0.0007를 반영. 추천 투입금액은 약 431,250원. 단, 장중 뉴스/호가/체결강도 확인 후 진입.",61.2,1.12,2.24,예,0.0005,0.0025,0.0007,0,0,0,0,431250,15,12864.3,+3%,29066,0.7,+5%,29631,0.2,+10%,31042,0.1,-2%,27655,0.8,-4%,27091,0.1,-6%,26526,0.1,,,,,,,2026-06-16,전체후보,,AI/소프트웨어,분야확인필요,확인필요,,,,표시분야: 분야확인필요 / 출처: 확인필요,69,정상,,📊 관망,조건 확인 후 진입,"후보출처 NAVER, 분야 AI/소프트웨어, 점수 69점, 과열판정 정상. 추세/재무/백테스트를 함께 확인 후 진입.",1,6,🔁 반복 등장 후보,최근 7회 리포트 중 6회 등장. 관심 목록에 올려 추적.
📊 관망,한켐,457370,KOSDAQ,NAVER,네이버 거래량 상위,https://finance.naver.com/sise/sise_quant.naver,네이버 금융 거래량 상위 종목을 1차 후보로 사용,,,화학,,,,,,,,,,,13670,66,65,확인필요,미확인,,C,59,높음,B,69,정상,DART 재무안전 특이사항 낮음,2025,48.5,57.7,110.8,593.1,DART API,2026-06-16,,,,,KRX PER/PBR/ROE/시가총액 데이터 부족 — 위험 판정이 아니라 추가확인 대상 / DART 재무안전 특이사항 낮음,시장경보 확인필요 / 재무등급 C,안정형 통과,현재가>MA60 / 현재가>MA20 / MA20>MA60 / MA60기울기 3.84%,상승 추세 눌림 후보,안정형 통과 / 상승 추세 눌림 후보,11133.5,9483.5,3.84,방어 모드,[단기스윙] + [칼손절],+5% / +10% / +20%,-2% / -4% / -6%,"+5% / +10% / +20%
(60%) / (30%) / (10%)","-2% / -4% / -6%
(80%) / (10%) / (10%)",+5%▶60% 익절 / +10%▶30% 익절 / +20%▶10% 익절,-2%▶80% 손절 / -4%▶10% 손절 / -6%▶10% 손절,2026-01-02,2026-06-15,66,B,참고 가능하나 추가 검증 필요,거래횟수 매우 부족 / MDD 안정,"분야 화학(공식업종) | 후보출처 NAVER, 시장 방어 모드, 기본기술점수 66점→안전필터/추세필터 반영 65점. 안전필터 확인필요, 시장경보 미확인, 재무등급 C, DART재무 B/정상, PER , PBR nan. RSI 61.1, TRIX 상승전환, ATR 18.7% 수준. 추세필터 안정형 통과(현재가>MA60 / 현재가>MA20 / MA20>MA60 / MA60기울기 3.84%). 백테스트 기준 2026-01-02 ~ 2026-06-15. 과거 구간 최적 조합은 [단기스윙] + [칼손절]. 백테스트 신뢰도는 B(참고 가능하나 추가 검증 필요). 권장 익절은 +5% / +10% / +20%, 손절은 -2% / -4% / -6%. 익절 전략 상세: +5%▶60% 익절 / +10%▶30% 익절 / +20%▶10% 익절. 손절 전략 상세: -2%▶80% 손절 / -4%▶10% 손절 / -6%▶10% 손절. 전략백테스트는 매수비용 0.0005, 매도비용 0.0025, 슬리피지 0.0007를 반영. 추천 투입금액은 약 406,250원. 단, 장중 뉴스/호가/체결강도 확인 후 진입.",61.1,18.69,0.78,예,0.0005,0.0025,0.0007,21.69,-0.38,100,2,406250,29,341.2,+5%,14353,0.6,+10%,15037,0.3,+20%,16404,0.1,-2%,13396,0.8,-4%,13123,0.1,-6%,12849,0.1,-7.63,0.1,,"2024,2025",367.0 / 339.0,57.7 / 57.7,2026-06-16,전체후보,화학,금융,화학,공식업종,,화학,20119,표시분야: 화학 / 출처: 공식업종,49,정상,고변동성 ATR 18.7% / 백테스트 거래횟수 부족(2회),📊 관망,조건 확인 후 진입,"[과열 체크] 고변동성 ATR 18.7% / 백테스트 거래횟수 부족(2회). 추격매수보다 눌림·재돌파 확인 우선.
후보출처 NAVER, 분야 화학, 점수 65점, 과열판정 정상. 추세/재무/백테스트를 함께 확인 후 진입.",,,,
⛔ 추세 제외,유바이오로직스,206650,KOSDAQ,"NAVER,TOSS_CSV","333 PDF 추천리스트,네이버 거래량 상위","https://finance.naver.com/sise/sise_quant.naver,https://www.tossinvest.com/screener/4",PDF 이미지 기반 추출 / 네이버 금융 거래량 상위 종목을 1차 후보로 사용,,,제약/바이오,,,,,,,,,,,10830,100,64,확인필요,미확인,,B,61,보통,B,73,정상,DART 재무안전 특이사항 낮음,2025,606.6,412.6,137,1753.6,DART API,2026-06-16,,,,,KRX PER/PBR/ROE/시가총액 데이터 부족 — 위험 판정이 아니라 추가확인 대상 / DART 재무안전 특이사항 낮음,시장경보 확인필요,제외,현재가<MA60 / 현재가>MA20 / MA20<MA60 / MA60기울기 -3.37%,60일선 기준 추세필터 미통과,제외 / 60일선 기준 추세필터 미통과,10211.5,12262.67,-3.37,방어 모드,[수익극대화] + [정석방어],+10% / +20% / +40%,-3% / -5% / -10%,"+10% / +20% / +40%
(40%) / (30%) / (30%)","-3% / -5% / -10%
(70%) / (20%) / (10%)",+10%▶40% 익절 / +20%▶30% 익절 / +40%▶30% 익절,-3%▶70% 손절 / -5%▶20% 손절 / -10%▶10% 손절,2026-01-02,2026-06-15,63,C,최근 적합성 참고 수준,거래횟수 매우 부족 / MDD 안정,"분야 제약/바이오(공식업종) | 후보출처 NAVER,TOSS_CSV, 시장 방어 모드, 기본기술점수 100점→안전필터/추세필터 반영 64점. 안전필터 확인필요, 시장경보 미확인, 재무등급 B, DART재무 B/정상, PER , PBR nan. RSI 52.2, TRIX 상승전환, ATR 5.9% 수준. 추세필터 제외(현재가<MA60 / 현재가>MA20 / MA20<MA60 / MA60기울기 -3.37%). 백테스트 기준 2026-01-02 ~ 2026-06-15. 과거 구간 최적 조합은 [수익극대화] + [정석방어]. 백테스트 신뢰도는 C(최근 적합성 참고 수준). 권장 익절은 +10% / +20% / +40%, 손절은 -3% / -5% / -10%. 익절 전략 상세: +10%▶40% 익절 / +20%▶30% 익절 / +40%▶30% 익절. 손절 전략 상세: -3%▶70% 손절 / -5%▶20% 손절 / -10%▶10% 손절. 전략백테스트는 매수비용 0.0005, 매도비용 0.0025, 슬리피지 0.0007를 반영. 추천 투입금액은 약 400,000원. 단, 장중 뉴스/호가/체결강도 확인 후 진입.",52.2,5.92,4.48,예,0.0005,0.0025,0.0007,10.5,-5.22,57.1,7,400000,36,159.7,+10%,11913,0.4,+20%,12996,0.3,+40%,15161,0.3,-3%,10505,0.7,-5%,10288,0.2,-10%,9747,0.1,46.9,117.27,,"2023,2024,2025",693.7 / 960.4 / 1492.0,-153.6 / 189.9 / 412.6,2026-06-16,전체후보,제약/바이오,제약/바이오,제약/바이오,공식업종,,제약/바이오,212,표시분야: 제약/바이오 / 출처: 공식업종,64,정상,,⛔ 추세 제외,조건 확인 후 진입,"후보출처 NAVER,TOSS_CSV, 분야 제약/바이오, 점수 64점, 과열판정 정상. 추세/재무/백테스트를 함께 확인 후 진입.",1,1,신규/단발 후보,오늘 처음 또는 단발성 등장. 과열/뉴스 확인 우선.
📊 관망,KODEX 미국S&P500,379800,KOSPI,NAVER,네이버 거래량 상위,https://finance.naver.com/sise/sise_quant.naver,네이버 금융 거래량 상위 종목을 1차 후보로 사용,,,분야확인필요,,,,,,,,,,,25735,67,64,확인필요,미확인,,C,53,높음,데이터부족,50,확인필요,DART 재무데이터 부족 또는 API키 미입력,2025,,,,,기업코드없음,2026-06-16,,,,,KRX PER/PBR/ROE/시가총액 데이터 부족 — 위험 판정이 아니라 추가확인 대상 / DART 재무데이터 부족 또는 API키 미입력,시장경보 확인필요 / 재무등급 C,안정형 통과,현재가>MA60 / 현재가>MA20 / MA20>MA60 / MA60기울기 0.99%,상승 추세 눌림 후보,안정형 통과 / 상승 추세 눌림 후보,25547.5,24048.83,0.99,방어 모드,[초단타] + [칼손절],+3% / +5% / +10%,-2% / -4% / -6%,"+3% / +5% / +10%
(70%) / (20%) / (10%)","-2% / -4% / -6%
(80%) / (10%) / (10%)",+3%▶70% 익절 / +5%▶20% 익절 / +10%▶10% 익절,-2%▶80% 손절 / -4%▶10% 손절 / -6%▶10% 손절,2026-01-02,2026-06-15,32,D,단독 사용 비권장,거래횟수 매우 부족 / MDD 안정 / 수익률 음수 / 승률 낮음,"분야 분야확인필요(확인필요) | 후보출처 NAVER, 시장 방어 모드, 기본기술점수 67점→안전필터/추세필터 반영 64점. 안전필터 확인필요, 시장경보 미확인, 재무등급 C, DART재무 데이터부족/확인필요, PER , PBR nan. RSI 61.4, TRIX 둔화, ATR 1.2% 수준. 추세필터 안정형 통과(현재가>MA60 / 현재가>MA20 / MA20>MA60 / MA60기울기 0.99%). 백테스트 기준 2026-01-02 ~ 2026-06-15. 과거 구간 최적 조합은 [초단타] + [칼손절]. 백테스트 신뢰도는 D(단독 사용 비권장). 권장 익절은 +3% / +5% / +10%, 손절은 -2% / -4% / -6%. 익절 전략 상세: +3%▶70% 익절 / +5%▶20% 익절 / +10%▶10% 익절. 손절 전략 상세: -2%▶80% 손절 / -4%▶10% 손절 / -6%▶10% 손절. 전략백테스트는 매수비용 0.0005, 매도비용 0.0025, 슬리피지 0.0007를 반영. 추천 투입금액은 약 400,000원. 단, 장중 뉴스/호가/체결강도 확인 후 진입.",61.4,1.18,1.52,예,0.0005,0.0025,0.0007,0,0,0,0,400000,15,8521,+3%,26507,0.7,+5%,27021,0.2,+10%,28308,0.1,-2%,25220,0.8,-4%,24705,0.1,-6%,24190,0.1,,,,,,,2026-06-16,전체후보,,AI/소프트웨어,분야확인필요,확인필요,,,,표시분야: 분야확인필요 / 출처: 확인필요,64,정상,,📊 관망,조건 확인 후 진입,"후보출처 NAVER, 분야 AI/소프트웨어, 점수 64점, 과열판정 정상. 추세/재무/백테스트를 함께 확인 후 진입.",9,7,🔥 강한 지속 후보,9회 연속 추천. 수급/추세가 계속 유지되는지 우선 관찰.
📊 관망,TIGER 미국나스닥100타겟데일리커버드콜,486290,KOSPI,NAVER,네이버 거래량 상위,https://finance.naver.com/sise/sise_quant.naver,네이버 금융 거래량 상위 종목을 1차 후보로 사용,,,분야확인필요,,,,,,,,,,,12235,64,61,확인필요,미확인,,C,53,높음,데이터부족,50,확인필요,DART 재무데이터 부족 또는 API키 미입력,2025,,,,,기업코드없음,2026-06-16,,,,,KRX PER/PBR/ROE/시가총액 데이터 부족 — 위험 판정이 아니라 추가확인 대상 / DART 재무데이터 부족 또는 API키 미입력,시장경보 확인필요 / 재무등급 C,안정형 통과,현재가>MA60 / 현재가>MA20 / MA20>MA60 / MA60기울기 1.34%,상승 추세 눌림 후보,안정형 통과 / 상승 추세 눌림 후보,12069.75,11110.02,1.34,방어 모드,[중기추세] + [정석방어],+10% / +20% / +30%,-3% / -5% / -10%,"+10% / +20% / +30%
(50%) / (30%) / (20%)","-3% / -5% / -10%
(70%) / (20%) / (10%)",+10%▶50% 익절 / +20%▶30% 익절 / +30%▶20% 익절,-3%▶70% 손절 / -5%▶20% 손절 / -10%▶10% 손절,2026-01-02,2026-06-15,61,C,최근 적합성 참고 수준,거래횟수 매우 부족 / MDD 안정,"분야 분야확인필요(확인필요) | 후보출처 NAVER, 시장 방어 모드, 기본기술점수 64점→안전필터/추세필터 반영 61점. 안전필터 확인필요, 시장경보 미확인, 재무등급 C, DART재무 데이터부족/확인필요, PER , PBR nan. RSI 61.5, TRIX 둔화, ATR 1.8% 수준. 추세필터 안정형 통과(현재가>MA60 / 현재가>MA20 / MA20>MA60 / MA60기울기 1.34%). 백테스트 기준 2026-01-02 ~ 2026-06-15. 과거 구간 최적 조합은 [중기추세] + [정석방어]. 백테스트 신뢰도는 C(최근 적합성 참고 수준). 권장 익절은 +10% / +20% / +30%, 손절은 -3% / -5% / -10%. 익절 전략 상세: +10%▶50% 익절 / +20%▶30% 익절 / +30%▶20% 익절. 손절 전략 상세: -3%▶70% 손절 / -5%▶20% 손절 / -10%▶10% 손절. 전략백테스트는 매수비용 0.0005, 매도비용 0.0025, 슬리피지 0.0007를 반영. 추천 투입금액은 약 381,250원. 단, 장중 뉴스/호가/체결강도 확인 후 진입.",61.5,1.75,1.14,예,0.0005,0.0025,0.0007,6.51,-3.01,100,3,381250,31,534.4,+10%,13458,0.5,+20%,14682,0.3,+30%,15905,0.2,-3%,11867,0.7,-5%,11623,0.2,-10%,11011,0.1,,,,,,,2026-06-16,전체후보,,AI/소프트웨어,분야확인필요,확인필요,,,,표시분야: 분야확인필요 / 출처: 확인필요,53,정상,백테스트 거래횟수 부족(3회),📊 관망,조건 확인 후 진입,"[과열 체크] 백테스트 거래횟수 부족(3회). 추격매수보다 눌림·재돌파 확인 우선.
후보출처 NAVER, 분야 AI/소프트웨어, 점수 61점, 과열판정 정상. 추세/재무/백테스트를 함께 확인 후 진입.",,,,
📊 관망,TIGER 미국배당다우존스,458730,KOSPI,NAVER,네이버 거래량 상위,https://finance.naver.com/sise/sise_quant.naver,네이버 금융 거래량 상위 종목을 1차 후보로 사용,,,분야확인필요,,,,,,,,,,,15775,62,59,확인필요,미확인,,C,53,높음,데이터부족,50,확인필요,DART 재무데이터 부족 또는 API키 미입력,2025,,,,,기업코드없음,2026-06-16,,,,,KRX PER/PBR/ROE/시가총액 데이터 부족 — 위험 판정이 아니라 추가확인 대상 / DART 재무데이터 부족 또는 API키 미입력,시장경보 확인필요 / 재무등급 C,안정형 통과,현재가>MA60 / 현재가>MA20 / MA20>MA60 / MA60기울기 0.64%,상승 추세 눌림 후보,안정형 통과 / 상승 추세 눌림 후보,15520.75,14931.67,0.64,방어 모드,[초단타] + [칼손절],+3% / +5% / +10%,-2% / -4% / -6%,"+3% / +5% / +10%
(70%) / (20%) / (10%)","-2% / -4% / -6%
(80%) / (10%) / (10%)",+3%▶70% 익절 / +5%▶20% 익절 / +10%▶10% 익절,-2%▶80% 손절 / -4%▶10% 손절 / -6%▶10% 손절,2026-01-02,2026-06-15,32,D,단독 사용 비권장,거래횟수 매우 부족 / MDD 안정 / 수익률 음수 / 승률 낮음,"분야 분야확인필요(확인필요) | 후보출처 NAVER, 시장 방어 모드, 기본기술점수 62점→안전필터/추세필터 반영 59점. 안전필터 확인필요, 시장경보 미확인, 재무등급 C, DART재무 데이터부족/확인필요, PER , PBR nan. RSI 63.9, TRIX 둔화, ATR 1.1% 수준. 추세필터 안정형 통과(현재가>MA60 / 현재가>MA20 / MA20>MA60 / MA60기울기 0.64%). 백테스트 기준 2026-01-02 ~ 2026-06-15. 과거 구간 최적 조합은 [초단타] + [칼손절]. 백테스트 신뢰도는 D(단독 사용 비권장). 권장 익절은 +3% / +5% / +10%, 손절은 -2% / -4% / -6%. 익절 전략 상세: +3%▶70% 익절 / +5%▶20% 익절 / +10%▶10% 익절. 손절 전략 상세: -2%▶80% 손절 / -4%▶10% 손절 / -6%▶10% 손절. 전략백테스트는 매수비용 0.0005, 매도비용 0.0025, 슬리피지 0.0007를 반영. 추천 투입금액은 약 368,750원. 단, 장중 뉴스/호가/체결강도 확인 후 진입.",63.9,1.11,0.88,예,0.0005,0.0025,0.0007,0,0,0,0,368750,23,365.6,+3%,16248,0.7,+5%,16563,0.2,+10%,17352,0.1,-2%,15459,0.8,-4%,15144,0.1,-6%,14828,0.1,,,,,,,2026-06-16,전체후보,,AI/소프트웨어,분야확인필요,확인필요,,,,표시분야: 분야확인필요 / 출처: 확인필요,59,정상,,📊 관망,조건 확인 후 진입,"후보출처 NAVER, 분야 AI/소프트웨어, 점수 59점, 과열판정 정상. 추세/재무/백테스트를 함께 확인 후 진입.",9,7,🔥 강한 지속 후보,9회 연속 추천. 수급/추세가 계속 유지되는지 우선 관찰.
⚠️ 소액/재무 관찰,대원전선,006340,KOSPI,NAVER,네이버 거래량 상위,https://finance.naver.com/sise/sise_quant.naver,네이버 금융 거래량 상위 종목을 1차 후보로 사용,,,전기장비/배터리,,,,,,,,,,,10690,67,58,확인필요,미확인,,C,57,높음,B,61,재무주의,부채비율 228% 주의,2025,93.5,129.2,227.9,1520.5,DART API,2026-06-16,,,,,KRX PER/PBR/ROE/시가총액 데이터 부족 — 위험 판정이 아니라 추가확인 대상 / 부채비율 228% 주의,시장경보 확인필요 / 재무등급 C / DART 재무주의,안정형 통과,현재가>MA60 / 현재가<MA20 / MA20>MA60 / MA60기울기 3.97%,상승 추세 눌림 후보,안정형 통과 / 상승 추세 눌림 후보,12192,9884.17,3.97,방어 모드,[초단타] + [칼손절],+3% / +5% / +10%,-2% / -4% / -6%,"+3% / +5% / +10%
(70%) / (20%) / (10%)","-2% / -4% / -6%
(80%) / (10%) / (10%)",+3%▶70% 익절 / +5%▶20% 익절 / +10%▶10% 익절,-2%▶80% 손절 / -4%▶10% 손절 / -6%▶10% 손절,2026-01-02,2026-06-15,32,D,단독 사용 비권장,거래횟수 매우 부족 / MDD 안정 / 수익률 음수 / 승률 낮음,"분야 전기장비/배터리(공식업종) | 후보출처 NAVER, 시장 방어 모드, 기본기술점수 67점→안전필터/추세필터 반영 58점. 안전필터 확인필요, 시장경보 미확인, 재무등급 C, DART재무 B/재무주의, PER , PBR nan. RSI 44.3, TRIX 둔화, ATR 8.9% 수준. 추세필터 안정형 통과(현재가>MA60 / 현재가<MA20 / MA20>MA60 / MA60기울기 3.97%). 백테스트 기준 2026-01-02 ~ 2026-06-15. 과거 구간 최적 조합은 [초단타] + [칼손절]. 백테스트 신뢰도는 D(단독 사용 비권장). 권장 익절은 +3% / +5% / +10%, 손절은 -2% / -4% / -6%. 익절 전략 상세: +3%▶70% 익절 / +5%▶20% 익절 / +10%▶10% 익절. 손절 전략 상세: -2%▶80% 손절 / -4%▶10% 손절 / -6%▶10% 손절. 전략백테스트는 매수비용 0.0005, 매도비용 0.0025, 슬리피지 0.0007를 반영. 추천 투입금액은 약 362,500원. 단, 장중 뉴스/호가/체결강도 확인 후 진입.",44.3,8.87,0.91,예,0.0005,0.0025,0.0007,0,0,0,0,362500,33,506.6,+3%,11010,0.7,+5%,11224,0.2,+10%,11759,0.1,-2%,10476,0.8,-4%,10262,0.1,-6%,10048,0.1,10.12,30.39,,"2023,2024,2025",5154.0 / 5527.8 / 6245.4,96.1 / 67.9 / 129.2,2026-06-16,전체후보,전기장비/배터리,금융,전기장비/배터리,공식업종,,전기장비/배터리,28302,표시분야: 전기장비/배터리 / 출처: 공식업종,50,정상,고변동성 ATR 8.9%,⚠️ 소액/재무 관찰,조건 확인 후 진입,"[과열 체크] 고변동성 ATR 8.9%. 추격매수보다 눌림·재돌파 확인 우선.
후보출처 NAVER, 분야 전기장비/배터리, 점수 58점, 과열판정 정상. 추세/재무/백테스트를 함께 확인 후 진입.",,,,
📊 관망,TIGER 배당커버드콜액티브,472150,KOSPI,NAVER,네이버 거래량 상위,https://finance.naver.com/sise/sise_quant.naver,네이버 금융 거래량 상위 종목을 1차 후보로 사용,,,분야확인필요,,,,,,,,,,,26910,61,58,확인필요,미확인,,C,53,높음,데이터부족,50,확인필요,DART 재무데이터 부족 또는 API키 미입력,2025,,,,,기업코드없음,2026-06-16,,,,,KRX PER/PBR/ROE/시가총액 데이터 부족 — 위험 판정이 아니라 추가확인 대상 / DART 재무데이터 부족 또는 API키 미입력,시장경보 확인필요 / 재무등급 C,안정형 통과,현재가>MA60 / 현재가>MA20 / MA20>MA60 / MA60기울기 3.29%,상승 추세 눌림 후보,안정형 통과 / 상승 추세 눌림 후보,25090,21251.33,3.29,방어 모드,[초단타] + [칼손절],+3% / +5% / +10%,-2% / -4% / -6%,"+3% / +5% / +10%
(70%) / (20%) / (10%)","-2% / -4% / -6%
(80%) / (10%) / (10%)",+3%▶70% 익절 / +5%▶20% 익절 / +10%▶10% 익절,-2%▶80% 손절 / -4%▶10% 손절 / -6%▶10% 손절,2026-01-02,2026-06-15,32,D,단독 사용 비권장,거래횟수 매우 부족 / MDD 안정 / 수익률 음수 / 승률 낮음,"분야 분야확인필요(확인필요) | 후보출처 NAVER, 시장 방어 모드, 기본기술점수 61점→안전필터/추세필터 반영 58점. 안전필터 확인필요, 시장경보 미확인, 재무등급 C, DART재무 데이터부족/확인필요, PER , PBR nan. RSI 61.1, TRIX 둔화, ATR 5.9% 수준. 추세필터 안정형 통과(현재가>MA60 / 현재가>MA20 / MA20>MA60 / MA60기울기 3.29%). 백테스트 기준 2026-01-02 ~ 2026-06-15. 과거 구간 최적 조합은 [초단타] + [칼손절]. 백테스트 신뢰도는 D(단독 사용 비권장). 권장 익절은 +3% / +5% / +10%, 손절은 -2% / -4% / -6%. 익절 전략 상세: +3%▶70% 익절 / +5%▶20% 익절 / +10%▶10% 익절. 손절 전략 상세: -2%▶80% 손절 / -4%▶10% 손절 / -6%▶10% 손절. 전략백테스트는 매수비용 0.0005, 매도비용 0.0025, 슬리피지 0.0007를 반영. 추천 투입금액은 약 362,500원. 단, 장중 뉴스/호가/체결강도 확인 후 진입.",61.1,5.89,0.82,예,0.0005,0.0025,0.0007,0,0,0,0,362500,13,1110.7,+3%,27717,0.7,+5%,28255,0.2,+10%,29601,0.1,-2%,26371,0.8,-4%,25833,0.1,-6%,25295,0.1,,,,,,,2026-06-16,전체후보,,AI/소프트웨어,분야확인필요,확인필요,,,,표시분야: 분야확인필요 / 출처: 확인필요,58,정상,,📊 관망,조건 확인 후 진입,"후보출처 NAVER, 분야 AI/소프트웨어, 점수 58점, 과열판정 정상. 추세/재무/백테스트를 함께 확인 후 진입.",9,7,🔥 강한 지속 후보,9회 연속 추천. 수급/추세가 계속 유지되는지 우선 관찰.
⚠️ 소액/재무 관찰,한화생명,088350,KOSPI,NAVER,네이버 거래량 상위,https://finance.naver.com/sise/sise_quant.naver,네이버 금융 거래량 상위 종목을 1차 후보로 사용,,,보험,,,,,,,,,,,5250,68,57,확인필요,미확인,,C,55,높음,C,55,재무주의,부채비율 974% 과다,2025,11472.5,8363.2,974,166233.9,DART API,2026-06-16,,,,,KRX PER/PBR/ROE/시가총액 데이터 부족 — 위험 판정이 아니라 추가확인 대상 / 부채비율 974% 과다,시장경보 확인필요 / 재무등급 C / DART 재무주의,안정형 통과,현재가>MA60 / 현재가>MA20 / MA20>MA60 / MA60기울기 0.17%,상승 추세 눌림 후보,안정형 통과 / 상승 추세 눌림 후보,5110,4935.33,0.17,방어 모드,[초단타] + [칼손절],+3% / +5% / +10%,-2% / -4% / -6%,"+3% / +5% / +10%
(70%) / (20%) / (10%)","-2% / -4% / -6%
(80%) / (10%) / (10%)",+3%▶70% 익절 / +5%▶20% 익절 / +10%▶10% 익절,-2%▶80% 손절 / -4%▶10% 손절 / -6%▶10% 손절,2026-01-02,2026-06-15,32,D,단독 사용 비권장,거래횟수 매우 부족 / MDD 안정 / 수익률 음수 / 승률 낮음,"분야 보험(공식업종) | 후보출처 NAVER, 시장 방어 모드, 기본기술점수 68점→안전필터/추세필터 반영 57점. 안전필터 확인필요, 시장경보 미확인, 재무등급 C, DART재무 C/재무주의, PER , PBR nan. RSI 55.4, TRIX 둔화, ATR 6.7% 수준. 추세필터 안정형 통과(현재가>MA60 / 현재가>MA20 / MA20>MA60 / MA60기울기 0.17%). 백테스트 기준 2026-01-02 ~ 2026-06-15. 과거 구간 최적 조합은 [초단타] + [칼손절]. 백테스트 신뢰도는 D(단독 사용 비권장). 권장 익절은 +3% / +5% / +10%, 손절은 -2% / -4% / -6%. 익절 전략 상세: +3%▶70% 익절 / +5%▶20% 익절 / +10%▶10% 익절. 손절 전략 상세: -2%▶80% 손절 / -4%▶10% 손절 / -6%▶10% 손절. 전략백테스트는 매수비용 0.0005, 매도비용 0.0025, 슬리피지 0.0007를 반영. 추천 투입금액은 약 356,250원. 단, 장중 뉴스/호가/체결강도 확인 후 진입.",55.4,6.69,0.67,예,0.0005,0.0025,0.0007,0,0,0,0,356250,67,311.8,+3%,5407,0.7,+5%,5512,0.2,+10%,5775,0.1,-2%,5145,0.8,-4%,5040,0.1,-6%,4935,0.1,11.17,0.71,,"2023,2024,2025",123732.9 / 137097.9 / 152911.9,8259.8 / 8660.0 / 8363.2,2026-06-16,전체후보,보험,금융,보험,공식업종,,보험,65110,표시분야: 보험 / 출처: 공식업종,57,정상,,⚠️ 소액/재무 관찰,조건 확인 후 진입,"후보출처 NAVER, 분야 보험, 점수 57점, 과열판정 정상. 추세/재무/백테스트를 함께 확인 후 진입.",,,,
📊 관망,KODEX 200타겟위클리커버드콜,498400,KOSPI,NAVER,네이버 거래량 상위,https://finance.naver.com/sise/sise_quant.naver,네이버 금융 거래량 상위 종목을 1차 후보로 사용,,,분야확인필요,,,,,,,,,,,26320,60,57,확인필요,미확인,,C,53,높음,데이터부족,50,확인필요,DART 재무데이터 부족 또는 API키 미입력,2025,,,,,기업코드없음,2026-06-16,,,,,KRX PER/PBR/ROE/시가총액 데이터 부족 — 위험 판정이 아니라 추가확인 대상 / DART 재무데이터 부족 또는 API키 미입력,시장경보 확인필요 / 재무등급 C,안정형 통과,현재가>MA60 / 현재가>MA20 / MA20>MA60 / MA60기울기 3.47%,상승 추세 눌림 후보,안정형 통과 / 상승 추세 눌림 후보,24722.95,20727.55,3.47,방어 모드,[초단타] + [칼손절],+3% / +5% / +10%,-2% / -4% / -6%,"+3% / +5% / +10%
(70%) / (20%) / (10%)","-2% / -4% / -6%
(80%) / (10%) / (10%)",+3%▶70% 익절 / +5%▶20% 익절 / +10%▶10% 익절,-2%▶80% 손절 / -4%▶10% 손절 / -6%▶10% 손절,2026-01-02,2026-06-15,32,D,단독 사용 비권장,거래횟수 매우 부족 / MDD 안정 / 수익률 음수 / 승률 낮음,"분야 분야확인필요(확인필요) | 후보출처 NAVER, 시장 방어 모드, 기본기술점수 60점→안전필터/추세필터 반영 57점. 안전필터 확인필요, 시장경보 미확인, 재무등급 C, DART재무 데이터부족/확인필요, PER , PBR nan. RSI 61.1, TRIX 둔화, ATR 5.8% 수준. 추세필터 안정형 통과(현재가>MA60 / 현재가>MA20 / MA20>MA60 / MA60기울기 3.47%). 백테스트 기준 2026-01-02 ~ 2026-06-15. 과거 구간 최적 조합은 [초단타] + [칼손절]. 백테스트 신뢰도는 D(단독 사용 비권장). 권장 익절은 +3% / +5% / +10%, 손절은 -2% / -4% / -6%. 익절 전략 상세: +3%▶70% 익절 / +5%▶20% 익절 / +10%▶10% 익절. 손절 전략 상세: -2%▶80% 손절 / -4%▶10% 손절 / -6%▶10% 손절. 전략백테스트는 매수비용 0.0005, 매도비용 0.0025, 슬리피지 0.0007를 반영. 추천 투입금액은 약 356,250원. 단, 장중 뉴스/호가/체결강도 확인 후 진입.",61.1,5.82,0.66,예,0.0005,0.0025,0.0007,0,0,0,0,356250,13,1967.2,+3%,27109,0.7,+5%,27636,0.2,+10%,28952,0.1,-2%,25793,0.8,-4%,25267,0.1,-6%,24740,0.1,,,,,,,2026-06-16,전체후보,,AI/소프트웨어,분야확인필요,확인필요,,,,표시분야: 분야확인필요 / 출처: 확인필요,57,정상,,📊 관망,조건 확인 후 진입,"후보출처 NAVER, 분야 AI/소프트웨어, 점수 57점, 과열판정 정상. 추세/재무/백테스트를 함께 확인 후 진입.",,,,
📊 관망,엠케이전자,033160,KOSDAQ,NAVER,네이버 거래량 상위,https://finance.naver.com/sise/sise_quant.naver,네이버 금융 거래량 상위 종목을 1차 후보로 사용,,,반도체/전자부품,,,,,,,,,,,29400,49,56,확인필요,미확인,,B,61,보통,B,73,정상,DART 재무안전 특이사항 낮음,2025,141.9,137.6,153,10015.1,DART API,2026-06-16,,,,,KRX PER/PBR/ROE/시가총액 데이터 부족 — 위험 판정이 아니라 추가확인 대상 / DART 재무안전 특이사항 낮음,시장경보 확인필요,안정형 통과,현재가>MA60 / 현재가>MA20 / MA20>MA60 / MA60기울기 4.37%,상승 추세 눌림 후보,안정형 통과 / 상승 추세 눌림 후보,27705,24217.5,4.37,방어 모드,[초단타] + [칼손절],+3% / +5% / +10%,-2% / -4% / -6%,"+3% / +5% / +10%
(70%) / (20%) / (10%)","-2% / -4% / -6%
(80%) / (10%) / (10%)",+3%▶70% 익절 / +5%▶20% 익절 / +10%▶10% 익절,-2%▶80% 손절 / -4%▶10% 손절 / -6%▶10% 손절,2026-01-02,2026-06-15,32,D,단독 사용 비권장,거래횟수 매우 부족 / MDD 안정 / 수익률 음수 / 승률 낮음,"분야 반도체/전자부품(공식업종) | 후보출처 NAVER, 시장 방어 모드, 기본기술점수 49점→안전필터/추세필터 반영 56점. 안전필터 확인필요, 시장경보 미확인, 재무등급 B, DART재무 B/정상, PER , PBR nan. RSI 54.7, TRIX 둔화, ATR 15.4% 수준. 추세필터 안정형 통과(현재가>MA60 / 현재가>MA20 / MA20>MA60 / MA60기울기 4.37%). 백테스트 기준 2026-01-02 ~ 2026-06-15. 과거 구간 최적 조합은 [초단타] + [칼손절]. 백테스트 신뢰도는 D(단독 사용 비권장). 권장 익절은 +3% / +5% / +10%, 손절은 -2% / -4% / -6%. 익절 전략 상세: +3%▶70% 익절 / +5%▶20% 익절 / +10%▶10% 익절. 손절 전략 상세: -2%▶80% 손절 / -4%▶10% 손절 / -6%▶10% 손절. 전략백테스트는 매수비용 0.0005, 매도비용 0.0025, 슬리피지 0.0007를 반영. 추천 투입금액은 약 350,000원. 단, 장중 뉴스/호가/체결강도 확인 후 진입.",54.7,15.36,0.85,예,0.0005,0.0025,0.0007,0,0,0,0,350000,11,344.9,+3%,30282,0.7,+5%,30870,0.2,+10%,32340,0.1,-2%,28812,0.8,-4%,28224,0.1,-6%,27636,0.1,270.72,,,"2023,2024,2025",1806.2 / 11706.0 / 10926.1,-391.5 / -377.0 / 137.6,2026-06-16,전체후보,반도체/전자부품,금융,반도체/전자부품,공식업종,,반도체/전자부품,262,표시분야: 반도체/전자부품 / 출처: 공식업종,48,정상,고변동성 ATR 15.4%,📊 관망,조건 확인 후 진입,"[과열 체크] 고변동성 ATR 15.4%. 추격매수보다 눌림·재돌파 확인 우선.
후보출처 NAVER, 분야 반도체/전자부품, 점수 56점, 과열판정 정상. 추세/재무/백테스트를 함께 확인 후 진입.",,,,
⛔ 추세 제외,에스지헬스케어,398120,KOSDAQ,NAVER,네이버 거래량 상위,https://finance.naver.com/sise/sise_quant.naver,네이버 금융 거래량 상위 종목을 1차 후보로 사용,,,의료기기/정밀기기,,,,,,,,,,,2410,100,56,확인필요,미확인,,C,59,높음,B,69,정상,DART 재무안전 특이사항 낮음,2025,14.7,9.4,166.3,243.5,DART API,2026-06-16,,,,,KRX PER/PBR/ROE/시가총액 데이터 부족 — 위험 판정이 아니라 추가확인 대상 / DART 재무안전 특이사항 낮음,시장경보 확인필요 / 재무등급 C,제외,현재가<MA60 / 현재가<MA20 / MA20<MA60 / MA60기울기 -3.91%,60일선 기준 추세필터 미통과,제외 / 60일선 기준 추세필터 미통과,2572.5,3401.42,-3.91,방어 모드,[초단타] + [칼손절],+3% / +5% / +10%,-2% / -4% / -6%,"+3% / +5% / +10%
(70%) / (20%) / (10%)","-2% / -4% / -6%
(80%) / (10%) / (10%)",+3%▶70% 익절 / +5%▶20% 익절 / +10%▶10% 익절,-2%▶80% 손절 / -4%▶10% 손절 / -6%▶10% 손절,2026-01-02,2026-06-15,32,D,단독 사용 비권장,거래횟수 매우 부족 / MDD 안정 / 수익률 음수 / 승률 낮음,"분야 의료기기/정밀기기(공식업종) | 후보출처 NAVER, 시장 방어 모드, 기본기술점수 100점→안전필터/추세필터 반영 56점. 안전필터 확인필요, 시장경보 미확인, 재무등급 C, DART재무 B/정상, PER , PBR nan. RSI 37.3, TRIX 상승전환, ATR 11.2% 수준. 추세필터 제외(현재가<MA60 / 현재가<MA20 / MA20<MA60 / MA60기울기 -3.91%). 백테스트 기준 2026-01-02 ~ 2026-06-15. 과거 구간 최적 조합은 [초단타] + [칼손절]. 백테스트 신뢰도는 D(단독 사용 비권장). 권장 익절은 +3% / +5% / +10%, 손절은 -2% / -4% / -6%. 익절 전략 상세: +3%▶70% 익절 / +5%▶20% 익절 / +10%▶10% 익절. 손절 전략 상세: -2%▶80% 손절 / -4%▶10% 손절 / -6%▶10% 손절. 전략백테스트는 매수비용 0.0005, 매도비용 0.0025, 슬리피지 0.0007를 반영. 추천 투입금액은 약 350,000원. 단, 장중 뉴스/호가/체결강도 확인 후 진입.",37.3,11.16,6.74,예,0.0005,0.0025,0.0007,-0.44,0,0,1,350000,145,104.7,+3%,2482,0.7,+5%,2530,0.2,+10%,2651,0.1,-2%,2361,0.8,-4%,2313,0.1,-6%,2265,0.1,52.76,,,"2024,2025",161.0 / 246.0,-35.3 / 9.4,2026-06-16,전체후보,의료기기/정밀기기,금융,의료기기/정밀기기,공식업종,,의료기기/정밀기기,27111,표시분야: 의료기기/정밀기기 / 출처: 공식업종,40,정상,고변동성 ATR 11.2% / 백테스트 거래횟수 부족(1회),⛔ 추세 제외,조건 확인 후 진입,"[과열 체크] 고변동성 ATR 11.2% / 백테스트 거래횟수 부족(1회). 추격매수보다 눌림·재돌파 확인 우선.
후보출처 NAVER, 분야 의료기기/정밀기기, 점수 56점, 과열판정 정상. 추세/재무/백테스트를 함께 확인 후 진입.",,,,
⛔ 추세 제외,코데즈컴바인,047770,KOSDAQ,NAVER,네이버 거래량 상위,https://finance.naver.com/sise/sise_quant.naver,네이버 금융 거래량 상위 종목을 1차 후보로 사용,,,의류,,,,,,,,,,,3585,100,56,확인필요,미확인,,C,59,높음,B,69,정상,DART 재무안전 특이사항 낮음,2025,24.2,44.6,128.5,722.9,DART API,2026-06-16,,,,,KRX PER/PBR/ROE/시가총액 데이터 부족 — 위험 판정이 아니라 추가확인 대상 / DART 재무안전 특이사항 낮음,시장경보 확인필요 / 재무등급 C,제외,현재가<MA60 / 현재가>MA20 / MA20<MA60 / MA60기울기 -4.13%,60일선 기준 추세필터 미통과,제외 / 60일선 기준 추세필터 미통과,3029.5,4067.75,-4.13,방어 모드,[초단타] + [칼손절],+3% / +5% / +10%,-2% / -4% / -6%,"+3% / +5% / +10%
(70%) / (20%) / (10%)","-2% / -4% / -6%
(80%) / (10%) / (10%)",+3%▶70% 익절 / +5%▶20% 익절 / +10%▶10% 익절,-2%▶80% 손절 / -4%▶10% 손절 / -6%▶10% 손절,2026-01-02,2026-06-15,32,D,단독 사용 비권장,거래횟수 매우 부족 / MDD 안정 / 수익률 음수 / 승률 낮음,"분야 의류(공식업종) | 후보출처 NAVER, 시장 방어 모드, 기본기술점수 100점→안전필터/추세필터 반영 56점. 안전필터 확인필요, 시장경보 미확인, 재무등급 C, DART재무 B/정상, PER , PBR nan. RSI 54.6, TRIX 상승전환, ATR 8.3% 수준. 추세필터 제외(현재가<MA60 / 현재가>MA20 / MA20<MA60 / MA60기울기 -4.13%). 백테스트 기준 2026-01-02 ~ 2026-06-15. 과거 구간 최적 조합은 [초단타] + [칼손절]. 백테스트 신뢰도는 D(단독 사용 비권장). 권장 익절은 +3% / +5% / +10%, 손절은 -2% / -4% / -6%. 익절 전략 상세: +3%▶70% 익절 / +5%▶20% 익절 / +10%▶10% 익절. 손절 전략 상세: -2%▶80% 손절 / -4%▶10% 손절 / -6%▶10% 손절. 전략백테스트는 매수비용 0.0005, 매도비용 0.0025, 슬리피지 0.0007를 반영. 추천 투입금액은 약 350,000원. 단, 장중 뉴스/호가/체결강도 확인 후 진입.",54.6,8.26,4.5,예,0.0005,0.0025,0.0007,-7.89,-7.89,0,1,350000,97,184.9,+3%,3692,0.7,+5%,3764,0.2,+10%,3943,0.1,-2%,3513,0.8,-4%,3441,0.1,-6%,3369,0.1,-2.65,44.99,,"2023,2024,2025",419.6 / 396.0 / 397.2,37.1 / 18.6 / 44.6,2026-06-16,전체후보,의류,금융,의류,공식업종,,의류,141,표시분야: 의류 / 출처: 공식업종,40,정상,고변동성 ATR 8.3% / 백테스트 거래횟수 부족(1회),⛔ 추세 제외,조건 확인 후 진입,"[과열 체크] 고변동성 ATR 8.3% / 백테스트 거래횟수 부족(1회). 추격매수보다 눌림·재돌파 확인 우선.
후보출처 NAVER, 분야 의류, 점수 56점, 과열판정 정상. 추세/재무/백테스트를 함께 확인 후 진입.",,,,
📊 관망,TIGER 200 건설,139220,KOSPI,NAVER,네이버 거래량 상위,https://finance.naver.com/sise/sise_quant.naver,네이버 금융 거래량 상위 종목을 1차 후보로 사용,,,분야확인필요,,,,,,,,,,,9335,64,56,확인필요,미확인,,C,53,높음,데이터부족,50,확인필요,DART 재무데이터 부족 또는 API키 미입력,2025,,,,,기업코드없음,2026-06-16,,,,,KRX PER/PBR/ROE/시가총액 데이터 부족 — 위험 판정이 아니라 추가확인 대상 / DART 재무데이터 부족 또는 API키 미입력,시장경보 확인필요 / 재무등급 C,공격형 통과,현재가>MA60 / 현재가>MA20 / MA20<MA60 / MA60기울기 1.09%,60일선 위 단기 회복 후보,공격형 통과 / 60일선 위 단기 회복 후보,8879.5,9076.08,1.09,방어 모드,[초단타] + [칼손절],+3% / +5% / +10%,-2% / -4% / -6%,"+3% / +5% / +10%
(70%) / (20%) / (10%)","-2% / -4% / -6%
(80%) / (10%) / (10%)",+3%▶70% 익절 / +5%▶20% 익절 / +10%▶10% 익절,-2%▶80% 손절 / -4%▶10% 손절 / -6%▶10% 손절,2026-01-02,2026-06-15,32,D,단독 사용 비권장,거래횟수 매우 부족 / MDD 안정 / 수익률 음수 / 승률 낮음,"분야 분야확인필요(확인필요) | 후보출처 NAVER, 시장 방어 모드, 기본기술점수 64점→안전필터/추세필터 반영 56점. 안전필터 확인필요, 시장경보 미확인, 재무등급 C, DART재무 데이터부족/확인필요, PER , PBR nan. RSI 53.8, TRIX 둔화, ATR 6.7% 수준. 추세필터 공격형 통과(현재가>MA60 / 현재가>MA20 / MA20<MA60 / MA60기울기 1.09%). 백테스트 기준 2026-01-02 ~ 2026-06-15. 과거 구간 최적 조합은 [초단타] + [칼손절]. 백테스트 신뢰도는 D(단독 사용 비권장). 권장 익절은 +3% / +5% / +10%, 손절은 -2% / -4% / -6%. 익절 전략 상세: +3%▶70% 익절 / +5%▶20% 익절 / +10%▶10% 익절. 손절 전략 상세: -2%▶80% 손절 / -4%▶10% 손절 / -6%▶10% 손절. 전략백테스트는 매수비용 0.0005, 매도비용 0.0025, 슬리피지 0.0007를 반영. 추천 투입금액은 약 350,000원. 단, 장중 뉴스/호가/체결강도 확인 후 진입.",53.8,6.71,1.48,예,0.0005,0.0025,0.0007,0,0,0,0,350000,37,264.3,+3%,9615,0.7,+5%,9801,0.2,+10%,10268,0.1,-2%,9148,0.8,-4%,8961,0.1,-6%,8774,0.1,,,,,,,2026-06-16,전체후보,,AI/소프트웨어,분야확인필요,확인필요,,,,표시분야: 분야확인필요 / 출처: 확인필요,56,정상,,📊 관망,조건 확인 후 진입,"후보출처 NAVER, 분야 AI/소프트웨어, 점수 56점, 과열판정 정상. 추세/재무/백테스트를 함께 확인 후 진입.",,,,
⚠️ 소액/재무 관찰,제주항공,089590,KOSPI,NAVER,네이버 거래량 상위,https://finance.naver.com/sise/sise_quant.naver,네이버 금융 거래량 상위 종목을 1차 후보로 사용,,,항공운송,,,,,,,,,,,5150,100,56,확인필요,미확인,,D,41,매우높음,D,15,재무위험관찰,영업손실 -1117억 / 순손실 -1164억 / 부채비율 854% 과다,2025,-1116.6,-1164,854.4,2751.5,DART API,2026-06-16,,,,,KRX PER/PBR/ROE/시가총액 데이터 부족 — 위험 판정이 아니라 추가확인 대상 / 영업손실 -1117억 / 순손실 -1164억 / 부채비율 854% 과다,시장경보 확인필요 / 재무등급 D / DART 재무위험관찰,공격형 통과,현재가>MA60 / 현재가>MA20 / MA20<MA60 / MA60기울기 -1.38%,60일선 위 단기 회복 후보,공격형 통과 / 60일선 위 단기 회복 후보,4691.75,5045.08,-1.38,방어 모드,[초단타] + [정석방어],+3% / +5% / +10%,-3% / -5% / -10%,"+3% / +5% / +10%
(70%) / (20%) / (10%)","-3% / -5% / -10%
(70%) / (20%) / (10%)",+3%▶70% 익절 / +5%▶20% 익절 / +10%▶10% 익절,-3%▶70% 손절 / -5%▶20% 손절 / -10%▶10% 손절,2026-01-02,2026-06-15,66,B,참고 가능하나 추가 검증 필요,거래횟수 매우 부족 / MDD 안정,"분야 항공운송(공식업종) | 후보출처 NAVER, 시장 방어 모드, 기본기술점수 100점→안전필터/추세필터 반영 56점. 안전필터 확인필요, 시장경보 미확인, 재무등급 D, DART재무 D/재무위험관찰, PER , PBR nan. RSI 59.4, TRIX 상승전환, ATR 5.5% 수준. 추세필터 공격형 통과(현재가>MA60 / 현재가>MA20 / MA20<MA60 / MA60기울기 -1.38%). 백테스트 기준 2026-01-02 ~ 2026-06-15. 과거 구간 최적 조합은 [초단타] + [정석방어]. 백테스트 신뢰도는 B(참고 가능하나 추가 검증 필요). 권장 익절은 +3% / +5% / +10%, 손절은 -3% / -5% / -10%. 익절 전략 상세: +3%▶70% 익절 / +5%▶20% 익절 / +10%▶10% 익절. 손절 전략 상세: -3%▶70% 손절 / -5%▶20% 손절 / -10%▶10% 손절. 전략백테스트는 매수비용 0.0005, 매도비용 0.0025, 슬리피지 0.0007를 반영. 추천 투입금액은 약 350,000원. 단, 장중 뉴스/호가/체결강도 확인 후 진입.",59.4,5.54,11.5,예,0.0005,0.0025,0.0007,20.57,-4.47,100,5,350000,67,389.4,+3%,5304,0.7,+5%,5407,0.2,+10%,5665,0.1,-3%,4995,0.7,-5%,4892,0.2,-10%,4635,0.1,-3.05,-359.62,,"2023,2024,2025",17240.1 / 19357.9 / 15799.4,1343.3 / 217.4 / -1164.0,2026-06-16,전체후보,항공운송,금융,항공운송,공식업종,,항공운송,511,표시분야: 항공운송 / 출처: 공식업종,56,정상,,⚠️ 소액/재무 관찰,조건 확인 후 진입,"후보출처 NAVER, 분야 항공운송, 점수 56점, 과열판정 정상. 추세/재무/백테스트를 함께 확인 후 진입.",,,,
📊 관망,라이콤,388790,KOSDAQ,NAVER,네이버 거래량 상위,https://finance.naver.com/sise/sise_quant.naver,네이버 금융 거래량 상위 종목을 1차 후보로 사용,,,반도체/전자부품,,,,,,,,,,,7300,61,55,확인필요,미확인,,C,59,높음,B,69,정상,DART 재무안전 특이사항 낮음,2025,5.8,2.6,132.5,216.4,DART API,2026-06-16,,,,,KRX PER/PBR/ROE/시가총액 데이터 부족 — 위험 판정이 아니라 추가확인 대상 / DART 재무안전 특이사항 낮음,시장경보 확인필요 / 재무등급 C,공격형 통과,현재가>MA60 / 현재가>MA20 / MA20<MA60 / MA60기울기 4.07%,60일선 위 단기 회복 후보,공격형 통과 / 60일선 위 단기 회복 후보,5562.5,5610.17,4.07,방어 모드,[초단타] + [칼손절],+3% / +5% / +10%,-2% / -4% / -6%,"+3% / +5% / +10%
(70%) / (20%) / (10%)","-2% / -4% / -6%
(80%) / (10%) / (10%)",+3%▶70% 익절 / +5%▶20% 익절 / +10%▶10% 익절,-2%▶80% 손절 / -4%▶10% 손절 / -6%▶10% 손절,2026-01-02,2026-06-15,32,D,단독 사용 비권장,거래횟수 매우 부족 / MDD 안정 / 수익률 음수 / 승률 낮음,"분야 반도체/전자부품(공식업종) | 후보출처 NAVER, 시장 방어 모드, 기본기술점수 61점→안전필터/추세필터 반영 55점. 안전필터 확인필요, 시장경보 미확인, 재무등급 C, DART재무 B/정상, PER , PBR nan. RSI 58.3, TRIX 상승전환, ATR 17.5% 수준. 추세필터 공격형 통과(현재가>MA60 / 현재가>MA20 / MA20<MA60 / MA60기울기 4.07%). 백테스트 기준 2026-01-02 ~ 2026-06-15. 과거 구간 최적 조합은 [초단타] + [칼손절]. 백테스트 신뢰도는 D(단독 사용 비권장). 권장 익절은 +3% / +5% / +10%, 손절은 -2% / -4% / -6%. 익절 전략 상세: +3%▶70% 익절 / +5%▶20% 익절 / +10%▶10% 익절. 손절 전략 상세: -2%▶80% 손절 / -4%▶10% 손절 / -6%▶10% 손절. 전략백테스트는 매수비용 0.0005, 매도비용 0.0025, 슬리피지 0.0007를 반영. 추천 투입금액은 약 343,750원. 단, 장중 뉴스/호가/체결강도 확인 후 진입.",58.3,17.49,0.49,예,0.0005,0.0025,0.0007,0,0,0,0,343750,47,152,+3%,7519,0.7,+5%,7665,0.2,+10%,8030,0.1,-2%,7154,0.8,-4%,7008,0.1,-6%,6862,0.1,1.07,,,"2023,2024,2025",194.6 / 131.4 / 176.9,-58.0 / -37.5 / 2.6,2026-06-16,전체후보,반도체/전자부품,금융,반도체/전자부품,공식업종,,반도체/전자부품,264,표시분야: 반도체/전자부품 / 출처: 공식업종,47,정상,고변동성 ATR 17.5%,📊 관망,조건 확인 후 진입,"[과열 체크] 고변동성 ATR 17.5%. 추격매수보다 눌림·재돌파 확인 우선.
후보출처 NAVER, 분야 반도체/전자부품, 점수 55점, 과열판정 정상. 추세/재무/백테스트를 함께 확인 후 진입.",,,,
📊 관망,아비코전자,036010,KOSDAQ,NAVER,네이버 거래량 상위,https://finance.naver.com/sise/sise_quant.naver,네이버 금융 거래량 상위 종목을 1차 후보로 사용,,,반도체/전자부품,,,,,,,,,,,12310,55,54,확인필요,미확인,,C,59,높음,B,69,정상,DART 재무안전 특이사항 낮음,2025,83.1,95.2,131.1,1167.3,DART API,2026-06-16,,,,,KRX PER/PBR/ROE/시가총액 데이터 부족 — 위험 판정이 아니라 추가확인 대상 / DART 재무안전 특이사항 낮음,시장경보 확인필요 / 재무등급 C,안정형 통과,현재가>MA60 / 현재가>MA20 / MA20>MA60 / MA60기울기 2.33%,상승 추세 눌림 후보,안정형 통과 / 상승 추세 눌림 후보,10779.5,10239.83,2.33,방어 모드,[초단타] + [칼손절],+3% / +5% / +10%,-2% / -4% / -6%,"+3% / +5% / +10%
(70%) / (20%) / (10%)","-2% / -4% / -6%
(80%) / (10%) / (10%)",+3%▶70% 익절 / +5%▶20% 익절 / +10%▶10% 익절,-2%▶80% 손절 / -4%▶10% 손절 / -6%▶10% 손절,2026-01-02,2026-06-15,32,D,단독 사용 비권장,거래횟수 매우 부족 / MDD 안정 / 수익률 음수 / 승률 낮음,"분야 반도체/전자부품(공식업종) | 후보출처 NAVER, 시장 방어 모드, 기본기술점수 55점→안전필터/추세필터 반영 54점. 안전필터 확인필요, 시장경보 미확인, 재무등급 C, DART재무 B/정상, PER , PBR nan. RSI 57.2, TRIX 둔화, ATR 14.0% 수준. 추세필터 안정형 통과(현재가>MA60 / 현재가>MA20 / MA20>MA60 / MA60기울기 2.33%). 백테스트 기준 2026-01-02 ~ 2026-06-15. 과거 구간 최적 조합은 [초단타] + [칼손절]. 백테스트 신뢰도는 D(단독 사용 비권장). 권장 익절은 +3% / +5% / +10%, 손절은 -2% / -4% / -6%. 익절 전략 상세: +3%▶70% 익절 / +5%▶20% 익절 / +10%▶10% 익절. 손절 전략 상세: -2%▶80% 손절 / -4%▶10% 손절 / -6%▶10% 손절. 전략백테스트는 매수비용 0.0005, 매도비용 0.0025, 슬리피지 0.0007를 반영. 추천 투입금액은 약 337,500원. 단, 장중 뉴스/호가/체결강도 확인 후 진입.",57.2,14,1.54,예,0.0005,0.0025,0.0007,0,0,0,0,337500,27,125.7,+3%,12679,0.7,+5%,12925,0.2,+10%,13541,0.1,-2%,12063,0.8,-4%,11817,0.1,-6%,11571,0.1,3.7,,,"2023,2024,2025",1250.3 / 1209.3 / 1338.5,-23.7 / -58.2 / 95.2,2026-06-16,전체후보,반도체/전자부품,금융,반도체/전자부품,공식업종,,반도체/전자부품,26293,표시분야: 반도체/전자부품 / 출처: 공식업종,46,정상,고변동성 ATR 14.0%,📊 관망,조건 확인 후 진입,"[과열 체크] 고변동성 ATR 14.0%. 추격매수보다 눌림·재돌파 확인 우선.
후보출처 NAVER, 분야 반도체/전자부품, 점수 54점, 과열판정 정상. 추세/재무/백테스트를 함께 확인 후 진입.",,,,
⚠️ 소액/재무 관찰,윈팩,097800,KOSDAQ,NAVER,네이버 거래량 상위,https://finance.naver.com/sise/sise_quant.naver,네이버 금융 거래량 상위 종목을 1차 후보로 사용,,,반도체/전자부품,,,,,,,,,,,3005,93,49,확인필요,미확인,,D,44,매우높음,D,25,재무위험관찰,영업손실 -143억 / 순손실 -137억 / 부채비율 208% 주의,2025,-142.9,-136.9,207.8,628.8,DART API,2026-06-16,,,,,KRX PER/PBR/ROE/시가총액 데이터 부족 — 위험 판정이 아니라 추가확인 대상 / 영업손실 -143억 / 순손실 -137억 / 부채비율 208% 주의,시장경보 확인필요 / 재무등급 D / DART 재무위험관찰,공격형 통과,현재가>MA60 / 현재가>MA20 / MA20<MA60 / MA60기울기 0.75%,60일선 위 단기 회복 후보,공격형 통과 / 60일선 위 단기 회복 후보,2172.6,2192.78,0.75,방어 모드,[수익극대화] + [버티기형],+10% / +20% / +40%,-5% / -15% / -20%,"+10% / +20% / +40%
(40%) / (30%) / (30%)","-5% / -15% / -20%
(40%) / (30%) / (30%)",+10%▶40% 익절 / +20%▶30% 익절 / +40%▶30% 익절,-5%▶40% 손절 / -15%▶30% 손절 / -20%▶30% 손절,2026-01-02,2026-06-15,67,B,참고 가능하나 추가 검증 필요,거래횟수 매우 부족 / MDD 안정,"분야 반도체/전자부품(공식업종) | 후보출처 NAVER, 시장 방어 모드, 기본기술점수 93점→안전필터/추세필터 반영 49점. 안전필터 확인필요, 시장경보 미확인, 재무등급 D, DART재무 D/재무위험관찰, PER , PBR nan. RSI 67.7, TRIX 상승전환, ATR 11.7% 수준. 추세필터 공격형 통과(현재가>MA60 / 현재가>MA20 / MA20<MA60 / MA60기울기 0.75%). 백테스트 기준 2026-01-02 ~ 2026-06-15. 과거 구간 최적 조합은 [수익극대화] + [버티기형]. 백테스트 신뢰도는 B(참고 가능하나 추가 검증 필요). 권장 익절은 +10% / +20% / +40%, 손절은 -5% / -15% / -20%. 익절 전략 상세: +10%▶40% 익절 / +20%▶30% 익절 / +40%▶30% 익절. 손절 전략 상세: -5%▶40% 손절 / -15%▶30% 손절 / -20%▶30% 손절. 전략백테스트는 매수비용 0.0005, 매도비용 0.0025, 슬리피지 0.0007를 반영. 추천 투입금액은 약 306,250원. 단, 장중 뉴스/호가/체결강도 확인 후 진입.",67.7,11.69,6.23,예,0.0005,0.0025,0.0007,24.67,-9.49,80,5,306250,101,103.8,+10%,3305,0.4,+20%,3606,0.3,+40%,4207,0.3,-5%,2854,0.4,-15%,2554,0.3,-20%,2404,0.3,-6.05,,,"2023,2024,2025",862.1 / 741.4 / 755.5,-333.0 / -300.0 / -136.9,2026-06-16,전체후보,반도체/전자부품,금융,반도체/전자부품,공식업종,,반도체/전자부품,2612,표시분야: 반도체/전자부품 / 출처: 공식업종,41,정상,고변동성 ATR 11.7%,⚠️ 소액/재무 관찰,조건 확인 후 진입,"[과열 체크] 고변동성 ATR 11.7%. 추격매수보다 눌림·재돌파 확인 우선.
후보출처 NAVER, 분야 반도체/전자부품, 점수 49점, 과열판정 정상. 추세/재무/백테스트를 함께 확인 후 진입.",,,,
⛔ 추세 제외,아난티,025980,KOSDAQ,NAVER,네이버 거래량 상위,https://finance.naver.com/sise/sise_quant.naver,네이버 금융 거래량 상위 종목을 1차 후보로 사용,,,숙박,,,,,,,,,,,5070,100,46,확인필요,미확인,,C,53,높음,C,52,재무주의,순손실 -380억,2025,83.2,-380.4,121.7,7263.6,DART API,2026-06-16,,,,,KRX PER/PBR/ROE/시가총액 데이터 부족 — 위험 판정이 아니라 추가확인 대상 / 순손실 -380억,시장경보 확인필요 / 재무등급 C / DART 재무주의,제외,현재가<MA60 / 현재가>MA20 / MA20<MA60 / MA60기울기 -4.17%,60일선 기준 추세필터 미통과,제외 / 60일선 기준 추세필터 미통과,5046.25,6426.08,-4.17,방어 모드,[초단타] + [칼손절],+3% / +5% / +10%,-2% / -4% / -6%,"+3% / +5% / +10%
(70%) / (20%) / (10%)","-2% / -4% / -6%
(80%) / (10%) / (10%)",+3%▶70% 익절 / +5%▶20% 익절 / +10%▶10% 익절,-2%▶80% 손절 / -4%▶10% 손절 / -6%▶10% 손절,2026-01-02,2026-06-15,32,D,단독 사용 비권장,거래횟수 매우 부족 / MDD 안정 / 수익률 음수 / 승률 낮음,"분야 숙박(공식업종) | 후보출처 NAVER, 시장 방어 모드, 기본기술점수 100점→안전필터/추세필터 반영 46점. 안전필터 확인필요, 시장경보 미확인, 재무등급 C, DART재무 C/재무주의, PER , PBR nan. RSI 42.7, TRIX 상승전환, ATR 6.0% 수준. 추세필터 제외(현재가<MA60 / 현재가>MA20 / MA20<MA60 / MA60기울기 -4.17%). 백테스트 기준 2026-01-02 ~ 2026-06-15. 과거 구간 최적 조합은 [초단타] + [칼손절]. 백테스트 신뢰도는 D(단독 사용 비권장). 권장 익절은 +3% / +5% / +10%, 손절은 -2% / -4% / -6%. 익절 전략 상세: +3%▶70% 익절 / +5%▶20% 익절 / +10%▶10% 익절. 손절 전략 상세: -2%▶80% 손절 / -4%▶10% 손절 / -6%▶10% 손절. 전략백테스트는 매수비용 0.0005, 매도비용 0.0025, 슬리피지 0.0007를 반영. 추천 투입금액은 약 287,500원. 단, 장중 뉴스/호가/체결강도 확인 후 진입.",42.7,5.99,1.88,예,0.0005,0.0025,0.0007,-5.28,-4.86,0,3,287500,56,120.6,+3%,5222,0.7,+5%,5323,0.2,+10%,5577,0.1,-2%,4968,0.8,-4%,4867,0.1,-6%,4765,0.1,-38.86,-115.38,,"2023,2024,2025",8973.0 / 2851.6 / 2580.7,2104.1 / -323.7 / -380.4,2026-06-16,전체후보,숙박,금융,숙박,공식업종,,숙박,551,표시분야: 숙박 / 출처: 공식업종,38,정상,백테스트 거래횟수 부족(3회),⛔ 추세 제외,조건 확인 후 진입,"[과열 체크] 백테스트 거래횟수 부족(3회). 추격매수보다 눌림·재돌파 확인 우선.
후보출처 NAVER, 분야 숙박, 점수 46점, 과열판정 정상. 추세/재무/백테스트를 함께 확인 후 진입.",,,,
⛔ 추세 제외,삼표시멘트,038500,KOSDAQ,NAVER,네이버 거래량 상위,https://finance.naver.com/sise/sise_quant.naver,네이버 금융 거래량 상위 종목을 1차 후보로 사용,,,건자재/비금속,,,,,,,,,,,11340,78,44,확인필요,미확인,,B,63,보통,A,80,정상,DART 재무안전 특이사항 낮음,2025,765.8,408,84,7862.6,DART API,2026-06-16,,,,,KRX PER/PBR/ROE/시가총액 데이터 부족 — 위험 판정이 아니라 추가확인 대상 / DART 재무안전 특이사항 낮음,시장경보 확인필요,제외,현재가<MA60 / 현재가<MA20 / MA20<MA60 / MA60기울기 -3.85%,60일선 기준 추세필터 미통과,제외 / 60일선 기준 추세필터 미통과,11914.5,14648.83,-3.85,방어 모드,[초단타] + [칼손절],+3% / +5% / +10%,-2% / -4% / -6%,"+3% / +5% / +10%
(70%) / (20%) / (10%)","-2% / -4% / -6%
(80%) / (10%) / (10%)",+3%▶70% 익절 / +5%▶20% 익절 / +10%▶10% 익절,-2%▶80% 손절 / -4%▶10% 손절 / -6%▶10% 손절,2026-01-02,2026-06-15,32,D,단독 사용 비권장,거래횟수 매우 부족 / MDD 안정 / 수익률 음수 / 승률 낮음,"분야 건자재/비금속(공식업종) | 후보출처 NAVER, 시장 방어 모드, 기본기술점수 78점→안전필터/추세필터 반영 44점. 안전필터 확인필요, 시장경보 미확인, 재무등급 B, DART재무 A/정상, PER , PBR nan. RSI 40.8, TRIX 상승전환, ATR 10.9% 수준. 추세필터 제외(현재가<MA60 / 현재가<MA20 / MA20<MA60 / MA60기울기 -3.85%). 백테스트 기준 2026-01-02 ~ 2026-06-15. 과거 구간 최적 조합은 [초단타] + [칼손절]. 백테스트 신뢰도는 D(단독 사용 비권장). 권장 익절은 +3% / +5% / +10%, 손절은 -2% / -4% / -6%. 익절 전략 상세: +3%▶70% 익절 / +5%▶20% 익절 / +10%▶10% 익절. 손절 전략 상세: -2%▶80% 손절 / -4%▶10% 손절 / -6%▶10% 손절. 전략백테스트는 매수비용 0.0005, 매도비용 0.0025, 슬리피지 0.0007를 반영. 추천 투입금액은 약 275,000원. 단, 장중 뉴스/호가/체결강도 확인 후 진입.",40.8,10.92,0.5,예,0.0005,0.0025,0.0007,-0.43,0,0,1,275000,24,123.5,+3%,11680,0.7,+5%,11907,0.2,+10%,12474,0.1,-2%,11113,0.8,-4%,10886,0.1,-6%,10659,0.1,-9.2,28.62,,"2023,2024,2025",8237.3 / 7907.9 / 6769.3,338.1 / 661.0 / 408.0,2026-06-16,전체후보,건자재/비금속,건설/건자재,건자재/비금속,공식업종,,건자재/비금속,239,표시분야: 건자재/비금속 / 출처: 공식업종,28,정상,고변동성 ATR 10.9% / 백테스트 거래횟수 부족(1회),⛔ 추세 제외,조건 확인 후 진입,"[과열 체크] 고변동성 ATR 10.9% / 백테스트 거래횟수 부족(1회). 추격매수보다 눌림·재돌파 확인 우선.
후보출처 NAVER, 분야 건자재/비금속, 점수 44점, 과열판정 정상. 추세/재무/백테스트를 함께 확인 후 진입.",,,,
📊 관망,SK네트웍스,001740,KOSPI,NAVER,네이버 거래량 상위,https://finance.naver.com/sise/sise_quant.naver,네이버 금융 거래량 상위 종목을 1차 후보로 사용,,,도매,,,,,,,,,,,12850,37,44,확인필요,미확인,,B,61,보통,B,73,정상,DART 재무안전 특이사항 낮음,2025,862.9,499.8,148.9,20256.3,DART API,2026-06-16,,,,,KRX PER/PBR/ROE/시가총액 데이터 부족 — 위험 판정이 아니라 추가확인 대상 / DART 재무안전 특이사항 낮음,시장경보 확인필요,안정형 통과,현재가>MA60 / 현재가>MA20 / MA20>MA60 / MA60기울기 9.27%,상승 추세 눌림 후보,안정형 통과 / 상승 추세 눌림 후보,11133,7487.83,9.27,방어 모드,[초단타] + [칼손절],+3% / +5% / +10%,-2% / -4% / -6%,"+3% / +5% / +10%
(70%) / (20%) / (10%)","-2% / -4% / -6%
(80%) / (10%) / (10%)",+3%▶70% 익절 / +5%▶20% 익절 / +10%▶10% 익절,-2%▶80% 손절 / -4%▶10% 손절 / -6%▶10% 손절,2026-01-02,2026-06-15,32,D,단독 사용 비권장,거래횟수 매우 부족 / MDD 안정 / 수익률 음수 / 승률 낮음,"분야 도매(공식업종) | 후보출처 NAVER, 시장 방어 모드, 기본기술점수 37점→안전필터/추세필터 반영 44점. 안전필터 확인필요, 시장경보 미확인, 재무등급 B, DART재무 B/정상, PER , PBR nan. RSI 61.0, TRIX 둔화, ATR 17.2% 수준. 추세필터 안정형 통과(현재가>MA60 / 현재가>MA20 / MA20>MA60 / MA60기울기 9.27%). 백테스트 기준 2026-01-02 ~ 2026-06-15. 과거 구간 최적 조합은 [초단타] + [칼손절]. 백테스트 신뢰도는 D(단독 사용 비권장). 권장 익절은 +3% / +5% / +10%, 손절은 -2% / -4% / -6%. 익절 전략 상세: +3%▶70% 익절 / +5%▶20% 익절 / +10%▶10% 익절. 손절 전략 상세: -2%▶80% 손절 / -4%▶10% 손절 / -6%▶10% 손절. 전략백테스트는 매수비용 0.0005, 매도비용 0.0025, 슬리피지 0.0007를 반영. 추천 투입금액은 약 275,000원. 단, 장중 뉴스/호가/체결강도 확인 후 진입.",61,17.25,0.34,예,0.0005,0.0025,0.0007,0,0,0,0,275000,21,1358,+3%,13235,0.7,+5%,13492,0.2,+10%,14135,0.1,-2%,12593,0.8,-4%,12336,0.1,-6%,12079,0.1,-14.04,377.98,,"2023,2024,2025",91338.7 / 76572.8 / 67451.3,54.6 / 462.9 / 499.8,2026-06-16,전체후보,도매,금융,도매,공식업종,,도매,467,표시분야: 도매 / 출처: 공식업종,36,정상,고변동성 ATR 17.2%,📊 관망,조건 확인 후 진입,"[과열 체크] 고변동성 ATR 17.2%. 추격매수보다 눌림·재돌파 확인 우선.
후보출처 NAVER, 분야 도매, 점수 44점, 과열판정 정상. 추세/재무/백테스트를 함께 확인 후 진입.",,,,
📊 관망,티이엠씨,425040,KOSDAQ,NAVER,네이버 거래량 상위,https://finance.naver.com/sise/sise_quant.naver,네이버 금융 거래량 상위 종목을 1차 후보로 사용,,,화학,,,,,,,,,,,18220,37,44,확인필요,미확인,,B,61,보통,B,73,정상,DART 재무안전 특이사항 낮음,2025,248.4,177,145.1,2907,DART API,2026-06-16,,,,,KRX PER/PBR/ROE/시가총액 데이터 부족 — 위험 판정이 아니라 추가확인 대상 / DART 재무안전 특이사항 낮음,시장경보 확인필요,안정형 통과,현재가>MA60 / 현재가<MA20 / MA20>MA60 / MA60기울기 4.04%,상승 추세 눌림 후보,안정형 통과 / 상승 추세 눌림 후보,20865.5,16857.83,4.04,방어 모드,[초단타] + [칼손절],+3% / +5% / +10%,-2% / -4% / -6%,"+3% / +5% / +10%
(70%) / (20%) / (10%)","-2% / -4% / -6%
(80%) / (10%) / (10%)",+3%▶70% 익절 / +5%▶20% 익절 / +10%▶10% 익절,-2%▶80% 손절 / -4%▶10% 손절 / -6%▶10% 손절,2026-01-02,2026-06-15,32,D,단독 사용 비권장,거래횟수 매우 부족 / MDD 안정 / 수익률 음수 / 승률 낮음,"분야 화학(공식업종) | 후보출처 NAVER, 시장 방어 모드, 기본기술점수 37점→안전필터/추세필터 반영 44점. 안전필터 확인필요, 시장경보 미확인, 재무등급 B, DART재무 B/정상, PER , PBR nan. RSI 47.2, TRIX 둔화, ATR 15.4% 수준. 추세필터 안정형 통과(현재가>MA60 / 현재가<MA20 / MA20>MA60 / MA60기울기 4.04%). 백테스트 기준 2026-01-02 ~ 2026-06-15. 과거 구간 최적 조합은 [초단타] + [칼손절]. 백테스트 신뢰도는 D(단독 사용 비권장). 권장 익절은 +3% / +5% / +10%, 손절은 -2% / -4% / -6%. 익절 전략 상세: +3%▶70% 익절 / +5%▶20% 익절 / +10%▶10% 익절. 손절 전략 상세: -2%▶80% 손절 / -4%▶10% 손절 / -6%▶10% 손절. 전략백테스트는 매수비용 0.0005, 매도비용 0.0025, 슬리피지 0.0007를 반영. 추천 투입금액은 약 275,000원. 단, 장중 뉴스/호가/체결강도 확인 후 진입.",47.2,15.42,0.6,예,0.0005,0.0025,0.0007,0,0,0,0,275000,15,219.2,+3%,18766,0.7,+5%,19131,0.2,+10%,20042,0.1,-2%,17855,0.8,-4%,17491,0.1,-6%,17126,0.1,22.34,-10.69,,"2023,2024,2025",2007.8 / 3102.3 / 2797.1,227.8 / 170.7 / 177.0,2026-06-16,전체후보,화학,금융,화학,공식업종,,화학,20121,표시분야: 화학 / 출처: 공식업종,36,정상,고변동성 ATR 15.4%,📊 관망,조건 확인 후 진입,"[과열 체크] 고변동성 ATR 15.4%. 추격매수보다 눌림·재돌파 확인 우선.
후보출처 NAVER, 분야 화학, 점수 44점, 과열판정 정상. 추세/재무/백테스트를 함께 확인 후 진입.",,,,
⚠️ 소액/재무 관찰,나무기술,242040,KOSDAQ,NAVER,네이버 거래량 상위,https://finance.naver.com/sise/sise_quant.naver,네이버 금융 거래량 상위 종목을 1차 후보로 사용,,,소프트웨어/AI,,,,,,,,,,,8150,61,42,확인필요,미확인,,C,51,높음,D,44,재무주의,순손실 -19억 / 부채비율 219% 주의,2025,22.5,-18.8,219.3,462.2,DART API,2026-06-16,,,,,KRX PER/PBR/ROE/시가총액 데이터 부족 — 위험 판정이 아니라 추가확인 대상 / 순손실 -19억 / 부채비율 219% 주의,시장경보 확인필요 / 재무등급 C / DART 재무주의,안정형 통과,현재가>MA60 / 현재가>MA20 / MA20>MA60 / MA60기울기 3.40%,상승 추세 눌림 후보,안정형 통과 / 상승 추세 눌림 후보,6755.5,5965.17,3.4,방어 모드,[초단타] + [칼손절],+3% / +5% / +10%,-2% / -4% / -6%,"+3% / +5% / +10%
(70%) / (20%) / (10%)","-2% / -4% / -6%
(80%) / (10%) / (10%)",+3%▶70% 익절 / +5%▶20% 익절 / +10%▶10% 익절,-2%▶80% 손절 / -4%▶10% 손절 / -6%▶10% 손절,2026-01-02,2026-06-15,32,D,단독 사용 비권장,거래횟수 매우 부족 / MDD 안정 / 수익률 음수 / 승률 낮음,"분야 소프트웨어/AI(공식업종) | 후보출처 NAVER, 시장 방어 모드, 기본기술점수 61점→안전필터/추세필터 반영 42점. 안전필터 확인필요, 시장경보 미확인, 재무등급 C, DART재무 D/재무주의, PER , PBR nan. RSI 61.5, TRIX 상승전환, ATR 20.0% 수준. 추세필터 안정형 통과(현재가>MA60 / 현재가>MA20 / MA20>MA60 / MA60기울기 3.40%). 백테스트 기준 2026-01-02 ~ 2026-06-15. 과거 구간 최적 조합은 [초단타] + [칼손절]. 백테스트 신뢰도는 D(단독 사용 비권장). 권장 익절은 +3% / +5% / +10%, 손절은 -2% / -4% / -6%. 익절 전략 상세: +3%▶70% 익절 / +5%▶20% 익절 / +10%▶10% 익절. 손절 전략 상세: -2%▶80% 손절 / -4%▶10% 손절 / -6%▶10% 손절. 전략백테스트는 매수비용 0.0005, 매도비용 0.0025, 슬리피지 0.0007를 반영. 추천 투입금액은 약 262,500원. 단, 장중 뉴스/호가/체결강도 확인 후 진입.",61.5,19.96,0.22,예,0.0005,0.0025,0.0007,0,0,0,0,262500,32,133.7,+3%,8394,0.7,+5%,8557,0.2,+10%,8965,0.1,-2%,7987,0.8,-4%,7824,0.1,-6%,7661,0.1,6.41,,,"2023,2024,2025",905.6 / 914.2 / 1022.7,-35.3 / -55.0 / -18.8,2026-06-16,전체후보,소프트웨어/AI,금융,소프트웨어/AI,공식업종,,소프트웨어/AI,582,표시분야: 소프트웨어/AI / 출처: 공식업종,34,정상,고변동성 ATR 20.0%,⚠️ 소액/재무 관찰,조건 확인 후 진입,"[과열 체크] 고변동성 ATR 20.0%. 추격매수보다 눌림·재돌파 확인 우선.
후보출처 NAVER, 분야 소프트웨어/AI, 점수 42점, 과열판정 정상. 추세/재무/백테스트를 함께 확인 후 진입.",,,,
⚠️ 소액/재무 관찰,한온시스템,018880,KOSPI,NAVER,네이버 거래량 상위,https://finance.naver.com/sise/sise_quant.naver,네이버 금융 거래량 상위 종목을 1차 후보로 사용,,,기계/장비,,,,,,,,,,,5680,71,42,확인필요,미확인,,C,49,높음,D,38,재무위험관찰,순손실 -1973억 / 부채비율 268% 과다,2025,2703.7,-1972.7,268.1,39129.8,DART API,2026-06-16,,,,,KRX PER/PBR/ROE/시가총액 데이터 부족 — 위험 판정이 아니라 추가확인 대상 / 순손실 -1973억 / 부채비율 268% 과다,시장경보 확인필요 / 재무등급 C / DART 재무위험관찰,안정형 통과,현재가>MA60 / 현재가>MA20 / MA20>MA60 / MA60기울기 1.13%,상승 추세 눌림 후보,안정형 통과 / 상승 추세 눌림 후보,4868.25,4456.42,1.13,방어 모드,[초단타] + [칼손절],+3% / +5% / +10%,-2% / -4% / -6%,"+3% / +5% / +10%
(70%) / (20%) / (10%)","-2% / -4% / -6%
(80%) / (10%) / (10%)",+3%▶70% 익절 / +5%▶20% 익절 / +10%▶10% 익절,-2%▶80% 손절 / -4%▶10% 손절 / -6%▶10% 손절,2026-01-02,2026-06-15,32,D,단독 사용 비권장,거래횟수 매우 부족 / MDD 안정 / 수익률 음수 / 승률 낮음,"분야 기계/장비(공식업종) | 후보출처 NAVER, 시장 방어 모드, 기본기술점수 71점→안전필터/추세필터 반영 42점. 안전필터 확인필요, 시장경보 미확인, 재무등급 C, DART재무 D/재무위험관찰, PER , PBR nan. RSI 62.0, TRIX 둔화, ATR 9.5% 수준. 추세필터 안정형 통과(현재가>MA60 / 현재가>MA20 / MA20>MA60 / MA60기울기 1.13%). 백테스트 기준 2026-01-02 ~ 2026-06-15. 과거 구간 최적 조합은 [초단타] + [칼손절]. 백테스트 신뢰도는 D(단독 사용 비권장). 권장 익절은 +3% / +5% / +10%, 손절은 -2% / -4% / -6%. 익절 전략 상세: +3%▶70% 익절 / +5%▶20% 익절 / +10%▶10% 익절. 손절 전략 상세: -2%▶80% 손절 / -4%▶10% 손절 / -6%▶10% 손절. 전략백테스트는 매수비용 0.0005, 매도비용 0.0025, 슬리피지 0.0007를 반영. 추천 투입금액은 약 262,500원. 단, 장중 뉴스/호가/체결강도 확인 후 진입.",62,9.49,2.71,예,0.0005,0.0025,0.0007,0,0,0,0,262500,46,4517.1,+3%,5850,0.7,+5%,5964,0.2,+10%,6248,0.1,-2%,5566,0.8,-4%,5452,0.1,-6%,5339,0.1,6.72,-708.96,,"2023,2024,2025",95593.3 / 99987.2 / 108837.3,588.9 / -3586.0 / -1972.7,2026-06-16,전체후보,기계/장비,금융,기계/장비,공식업종,,기계/장비,29172,표시분야: 기계/장비 / 출처: 공식업종,34,정상,고변동성 ATR 9.5%,⚠️ 소액/재무 관찰,조건 확인 후 진입,"[과열 체크] 고변동성 ATR 9.5%. 추격매수보다 눌림·재돌파 확인 우선.
후보출처 NAVER, 분야 기계/장비, 점수 42점, 과열판정 정상. 추세/재무/백테스트를 함께 확인 후 진입.",,,,
⚠️ 소액/재무 관찰,진에어,272450,KOSPI,NAVER,네이버 거래량 상위,https://finance.naver.com/sise/sise_quant.naver,네이버 금융 거래량 상위 종목을 1차 후보로 사용,,,항공운송,,,,,,,,,,,6200,81,37,확인필요,미확인,,D,41,매우높음,D,15,재무위험관찰,영업손실 -192억 / 순손실 -98억 / 부채비율 423% 과다,2025,-191.6,-97.6,423.2,2244.4,DART API,2026-06-16,,,,,KRX PER/PBR/ROE/시가총액 데이터 부족 — 위험 판정이 아니라 추가확인 대상 / 영업손실 -192억 / 순손실 -98억 / 부채비율 423% 과다,시장경보 확인필요 / 재무등급 D / DART 재무위험관찰,공격형 통과,현재가>MA60 / 현재가>MA20 / MA20<MA60 / MA60기울기 -1.17%,60일선 위 단기 회복 후보,공격형 통과 / 60일선 위 단기 회복 후보,5840.5,6198,-1.17,방어 모드,[초단타] + [변동성허용],+3% / +5% / +10%,-5% / -10% / -15%,"+3% / +5% / +10%
(70%) / (20%) / (10%)","-5% / -10% / -15%
(50%) / (30%) / (20%)",+3%▶70% 익절 / +5%▶20% 익절 / +10%▶10% 익절,-5%▶50% 손절 / -10%▶30% 손절 / -15%▶20% 손절,2026-01-02,2026-06-15,62,C,최근 적합성 참고 수준,거래횟수 매우 부족 / MDD 안정,"분야 항공운송(공식업종) | 후보출처 NAVER, 시장 방어 모드, 기본기술점수 81점→안전필터/추세필터 반영 37점. 안전필터 확인필요, 시장경보 미확인, 재무등급 D, DART재무 D/재무위험관찰, PER , PBR nan. RSI 56.9, TRIX 둔화, ATR 5.6% 수준. 추세필터 공격형 통과(현재가>MA60 / 현재가>MA20 / MA20<MA60 / MA60기울기 -1.17%). 백테스트 기준 2026-01-02 ~ 2026-06-15. 과거 구간 최적 조합은 [초단타] + [변동성허용]. 백테스트 신뢰도는 C(최근 적합성 참고 수준). 권장 익절은 +3% / +5% / +10%, 손절은 -5% / -10% / -15%. 익절 전략 상세: +3%▶70% 익절 / +5%▶20% 익절 / +10%▶10% 익절. 손절 전략 상세: -5%▶50% 손절 / -10%▶30% 손절 / -15%▶20% 손절. 전략백테스트는 매수비용 0.0005, 매도비용 0.0025, 슬리피지 0.0007를 반영. 추천 투입금액은 약 231,250원. 단, 장중 뉴스/호가/체결강도 확인 후 진입.",56.9,5.6,6.52,예,0.0005,0.0025,0.0007,6.68,-4.32,83.3,6,231250,37,167.4,+3%,6386,0.7,+5%,6510,0.2,+10%,6820,0.1,-5%,5890,0.5,-10%,5580,0.3,-15%,5270,0.2,,-69.35,,"2023,2024,2025",/  /,1338.6 / 957.1 / -97.6,2026-06-16,전체후보,항공운송,금융,항공운송,공식업종,,항공운송,511,표시분야: 항공운송 / 출처: 공식업종,37,정상,,⚠️ 소액/재무 관찰,조건 확인 후 진입,"후보출처 NAVER, 분야 항공운송, 점수 37점, 과열판정 정상. 추세/재무/백테스트를 함께 확인 후 진입.",,,,
📊 관망,엑스게이트,356680,KOSDAQ,NAVER,네이버 거래량 상위,https://finance.naver.com/sise/sise_quant.naver,네이버 금융 거래량 상위 종목을 1차 후보로 사용,,,소프트웨어/AI,,,,,,,,,,,18710,37,36,확인필요,미확인,,C,59,높음,B,69,정상,DART 재무안전 특이사항 낮음,2025,37.5,38.7,141.5,482.8,DART API,2026-06-16,,,,,KRX PER/PBR/ROE/시가총액 데이터 부족 — 위험 판정이 아니라 추가확인 대상 / DART 재무안전 특이사항 낮음,시장경보 확인필요 / 재무등급 C,안정형 통과,현재가>MA60 / 현재가<MA20 / MA20>MA60 / MA60기울기 6.23%,상승 추세 눌림 후보,안정형 통과 / 상승 추세 눌림 후보,19314.5,13980.33,6.23,방어 모드,[수익극대화] + [칼손절],+10% / +20% / +40%,-2% / -4% / -6%,"+10% / +20% / +40%
(40%) / (30%) / (30%)","-2% / -4% / -6%
(80%) / (10%) / (10%)",+10%▶40% 익절 / +20%▶30% 익절 / +40%▶30% 익절,-2%▶80% 손절 / -4%▶10% 손절 / -6%▶10% 손절,2026-01-02,2026-06-15,69,B,참고 가능하나 추가 검증 필요,거래횟수 매우 부족 / MDD 안정,"분야 소프트웨어/AI(공식업종) | 후보출처 NAVER, 시장 방어 모드, 기본기술점수 37점→안전필터/추세필터 반영 36점. 안전필터 확인필요, 시장경보 미확인, 재무등급 C, DART재무 B/정상, PER , PBR nan. RSI 52.0, TRIX 둔화, ATR 16.8% 수준. 추세필터 안정형 통과(현재가>MA60 / 현재가<MA20 / MA20>MA60 / MA60기울기 6.23%). 백테스트 기준 2026-01-02 ~ 2026-06-15. 과거 구간 최적 조합은 [수익극대화] + [칼손절]. 백테스트 신뢰도는 B(참고 가능하나 추가 검증 필요). 권장 익절은 +10% / +20% / +40%, 손절은 -2% / -4% / -6%. 익절 전략 상세: +10%▶40% 익절 / +20%▶30% 익절 / +40%▶30% 익절. 손절 전략 상세: -2%▶80% 손절 / -4%▶10% 손절 / -6%▶10% 손절. 전략백테스트는 매수비용 0.0005, 매도비용 0.0025, 슬리피지 0.0007를 반영. 추천 투입금액은 약 225,000원. 단, 장중 뉴스/호가/체결강도 확인 후 진입.",52,16.78,0.5,예,0.0005,0.0025,0.0007,31.91,-5.69,57.1,7,225000,12,246.8,+10%,20581,0.4,+20%,22452,0.3,+40%,26194,0.3,-2%,18335,0.8,-4%,17961,0.1,-6%,17587,0.1,6.15,626.71,,"2023,2024,2025",428.2 / 432.2 / 481.4,2.9 / 40.0 / 38.7,2026-06-16,전체후보,소프트웨어/AI,금융,소프트웨어/AI,공식업종,,소프트웨어/AI,58221,표시분야: 소프트웨어/AI / 출처: 공식업종,28,정상,고변동성 ATR 16.8%,📊 관망,조건 확인 후 진입,"[과열 체크] 고변동성 ATR 16.8%. 추격매수보다 눌림·재돌파 확인 우선.
후보출처 NAVER, 분야 소프트웨어/AI, 점수 36점, 과열판정 정상. 추세/재무/백테스트를 함께 확인 후 진입.",,,,
⛔ 추세 제외,TIGER 리츠부동산인프라,329200,KOSPI,NAVER,네이버 거래량 상위,https://finance.naver.com/sise/sise_quant.naver,네이버 금융 거래량 상위 종목을 1차 후보로 사용,,,분야확인필요,,,,,,,,,,,4125,81,35,확인필요,미확인,,C,53,높음,데이터부족,50,확인필요,DART 재무데이터 부족 또는 API키 미입력,2025,,,,,기업코드없음,2026-06-16,,,,,KRX PER/PBR/ROE/시가총액 데이터 부족 — 위험 판정이 아니라 추가확인 대상 / DART 재무데이터 부족 또는 API키 미입력,시장경보 확인필요 / 재무등급 C,제외,현재가<MA60 / 현재가>MA20 / MA20<MA60 / MA60기울기 -0.95%,60일선 기준 추세필터 미통과,제외 / 60일선 기준 추세필터 미통과,4093.5,4455.42,-0.95,방어 모드,[초단타] + [칼손절],+3% / +5% / +10%,-2% / -4% / -6%,"+3% / +5% / +10%
(70%) / (20%) / (10%)","-2% / -4% / -6%
(80%) / (10%) / (10%)",+3%▶70% 익절 / +5%▶20% 익절 / +10%▶10% 익절,-2%▶80% 손절 / -4%▶10% 손절 / -6%▶10% 손절,2026-01-02,2026-06-15,32,D,단독 사용 비권장,거래횟수 매우 부족 / MDD 안정 / 수익률 음수 / 승률 낮음,"분야 분야확인필요(확인필요) | 후보출처 NAVER, 시장 방어 모드, 기본기술점수 81점→안전필터/추세필터 반영 35점. 안전필터 확인필요, 시장경보 미확인, 재무등급 C, DART재무 데이터부족/확인필요, PER , PBR nan. RSI 47.6, TRIX 상승전환, ATR 3.2% 수준. 추세필터 제외(현재가<MA60 / 현재가>MA20 / MA20<MA60 / MA60기울기 -0.95%). 백테스트 기준 2026-01-02 ~ 2026-06-15. 과거 구간 최적 조합은 [초단타] + [칼손절]. 백테스트 신뢰도는 D(단독 사용 비권장). 권장 익절은 +3% / +5% / +10%, 손절은 -2% / -4% / -6%. 익절 전략 상세: +3%▶70% 익절 / +5%▶20% 익절 / +10%▶10% 익절. 손절 전략 상세: -2%▶80% 손절 / -4%▶10% 손절 / -6%▶10% 손절. 전략백테스트는 매수비용 0.0005, 매도비용 0.0025, 슬리피지 0.0007를 반영. 추천 투입금액은 약 218,750원. 단, 장중 뉴스/호가/체결강도 확인 후 진입.",47.6,3.23,0.43,예,0.0005,0.0025,0.0007,0,0,0,0,218750,53,135.9,+3%,4248,0.7,+5%,4331,0.2,+10%,4537,0.1,-2%,4042,0.8,-4%,3960,0.1,-6%,3877,0.1,,,,,,,2026-06-16,전체후보,,AI/소프트웨어,분야확인필요,확인필요,,,,표시분야: 분야확인필요 / 출처: 확인필요,35,정상,,⛔ 추세 제외,조건 확인 후 진입,"후보출처 NAVER, 분야 AI/소프트웨어, 점수 35점, 과열판정 정상. 추세/재무/백테스트를 함께 확인 후 진입.",,,,
⛔ 추세 제외,신신제약,002800,KOSDAQ,NAVER,네이버 거래량 상위,https://finance.naver.com/sise/sise_quant.naver,네이버 금융 거래량 상위 종목을 1차 후보로 사용,,,제약/바이오,,,,,,,,,,,4725,83,31,확인필요,미확인,,C,58,높음,B,65,재무주의,부채비율 185% 주의,2025,107.9,92.8,184.5,745.2,DART API,2026-06-16,,,,,KRX PER/PBR/ROE/시가총액 데이터 부족 — 위험 판정이 아니라 추가확인 대상 / 부채비율 185% 주의,시장경보 확인필요 / 재무등급 C / DART 재무주의,제외,현재가<MA60 / 현재가<MA20 / MA20<MA60 / MA60기울기 -1.56%,60일선 기준 추세필터 미통과,제외 / 60일선 기준 추세필터 미통과,4932.25,5403.75,-1.56,방어 모드,[초단타] + [정석방어],+3% / +5% / +10%,-3% / -5% / -10%,"+3% / +5% / +10%
(70%) / (20%) / (10%)","-3% / -5% / -10%
(70%) / (20%) / (10%)",+3%▶70% 익절 / +5%▶20% 익절 / +10%▶10% 익절,-3%▶70% 손절 / -5%▶20% 손절 / -10%▶10% 손절,2026-01-02,2026-06-15,62,C,최근 적합성 참고 수준,거래횟수 매우 부족 / MDD 안정,"분야 제약/바이오(공식업종) | 후보출처 NAVER, 시장 방어 모드, 기본기술점수 83점→안전필터/추세필터 반영 31점. 안전필터 확인필요, 시장경보 미확인, 재무등급 C, DART재무 B/재무주의, PER , PBR nan. RSI 39.3, TRIX 둔화, ATR 6.1% 수준. 추세필터 제외(현재가<MA60 / 현재가<MA20 / MA20<MA60 / MA60기울기 -1.56%). 백테스트 기준 2026-01-02 ~ 2026-06-15. 과거 구간 최적 조합은 [초단타] + [정석방어]. 백테스트 신뢰도는 C(최근 적합성 참고 수준). 권장 익절은 +3% / +5% / +10%, 손절은 -3% / -5% / -10%. 익절 전략 상세: +3%▶70% 익절 / +5%▶20% 익절 / +10%▶10% 익절. 손절 전략 상세: -3%▶70% 손절 / -5%▶20% 손절 / -10%▶10% 손절. 전략백테스트는 매수비용 0.0005, 매도비용 0.0025, 슬리피지 0.0007를 반영. 추천 투입금액은 약 193,750원. 단, 장중 뉴스/호가/체결강도 확인 후 진입.",39.3,6.15,15.43,예,0.0005,0.0025,0.0007,9.71,-3.54,100,2,193750,41,212.7,+3%,4866,0.7,+5%,4961,0.2,+10%,5197,0.1,-3%,4583,0.7,-5%,4488,0.2,-10%,4252,0.1,5.33,48.24,,"2023,2024,2025",1025.9 / 1063.9 / 1137.8,46.5 / 48.1 / 92.8,2026-06-16,전체후보,제약/바이오,제약/바이오,제약/바이오,공식업종,,제약/바이오,212,표시분야: 제약/바이오 / 출처: 공식업종,23,정상,백테스트 거래횟수 부족(2회),⛔ 추세 제외,조건 확인 후 진입,"[과열 체크] 백테스트 거래횟수 부족(2회). 추격매수보다 눌림·재돌파 확인 우선.
후보출처 NAVER, 분야 제약/바이오, 점수 31점, 과열판정 정상. 추세/재무/백테스트를 함께 확인 후 진입.",,,,
⚠️ 소액/재무 관찰,KBI메탈,024840,KOSDAQ,NAVER,네이버 거래량 상위,https://finance.naver.com/sise/sise_quant.naver,네이버 금융 거래량 상위 종목을 1차 후보로 사용,,,철강/금속,,,,,,,,,,,4780,41,30,확인필요,미확인,,C,55,높음,C,55,재무주의,부채비율 276% 과다,2025,243.4,13.8,275.6,1412.4,DART API,2026-06-16,,,,,KRX PER/PBR/ROE/시가총액 데이터 부족 — 위험 판정이 아니라 추가확인 대상 / 부채비율 276% 과다,시장경보 확인필요 / 재무등급 C / DART 재무주의,안정형 통과,현재가>MA60 / 현재가<MA20 / MA20>MA60 / MA60기울기 5.05%,상승 추세 눌림 후보,안정형 통과 / 상승 추세 눌림 후보,5476.25,4335.67,5.05,방어 모드,[초단타] + [칼손절],+3% / +5% / +10%,-2% / -4% / -6%,"+3% / +5% / +10%
(70%) / (20%) / (10%)","-2% / -4% / -6%
(80%) / (10%) / (10%)",+3%▶70% 익절 / +5%▶20% 익절 / +10%▶10% 익절,-2%▶80% 손절 / -4%▶10% 손절 / -6%▶10% 손절,2026-01-02,2026-06-15,32,D,단독 사용 비권장,거래횟수 매우 부족 / MDD 안정 / 수익률 음수 / 승률 낮음,"분야 철강/금속(공식업종) | 후보출처 NAVER, 시장 방어 모드, 기본기술점수 41점→안전필터/추세필터 반영 30점. 안전필터 확인필요, 시장경보 미확인, 재무등급 C, DART재무 C/재무주의, PER , PBR nan. RSI 46.5, TRIX 둔화, ATR 17.0% 수준. 추세필터 안정형 통과(현재가>MA60 / 현재가<MA20 / MA20>MA60 / MA60기울기 5.05%). 백테스트 기준 2026-01-02 ~ 2026-06-15. 과거 구간 최적 조합은 [초단타] + [칼손절]. 백테스트 신뢰도는 D(단독 사용 비권장). 권장 익절은 +3% / +5% / +10%, 손절은 -2% / -4% / -6%. 익절 전략 상세: +3%▶70% 익절 / +5%▶20% 익절 / +10%▶10% 익절. 손절 전략 상세: -2%▶80% 손절 / -4%▶10% 손절 / -6%▶10% 손절. 전략백테스트는 매수비용 0.0005, 매도비용 0.0025, 슬리피지 0.0007를 반영. 추천 투입금액은 약 187,500원. 단, 장중 뉴스/호가/체결강도 확인 후 진입.",46.5,16.98,1.05,예,0.0005,0.0025,0.0007,0,0,0,0,187500,39,230.9,+3%,4923,0.7,+5%,5019,0.2,+10%,5258,0.1,-2%,4684,0.8,-4%,4588,0.1,-6%,4493,0.1,5.26,65.08,,"2023,2024,2025",6850.4 / 7026.9 / 7585.7,6.7 / 16.4 / 13.8,2026-06-16,전체후보,철강/금속,금융,철강/금속,공식업종,,철강/금속,242,표시분야: 철강/금속 / 출처: 공식업종,22,정상,고변동성 ATR 17.0%,⚠️ 소액/재무 관찰,조건 확인 후 진입,"[과열 체크] 고변동성 ATR 17.0%. 추격매수보다 눌림·재돌파 확인 우선.
후보출처 NAVER, 분야 철강/금속, 점수 30점, 과열판정 정상. 추세/재무/백테스트를 함께 확인 후 진입.",,,,
⛔ 추세 제외,맥쿼리인프라,088980,KOSPI,NAVER,네이버 거래량 상위,https://finance.naver.com/sise/sise_quant.naver,네이버 금융 거래량 상위 종목을 1차 후보로 사용,,,금융,,,,,,,,,,,10950,76,30,확인필요,미확인,,C,53,높음,데이터부족,50,확인필요,DART 재무데이터 부족 또는 API키 미입력,2025,,,,,조회실패,2026-06-16,,,,,KRX PER/PBR/ROE/시가총액 데이터 부족 — 위험 판정이 아니라 추가확인 대상 / DART 재무데이터 부족 또는 API키 미입력,시장경보 확인필요 / 재무등급 C,제외,현재가<MA60 / 현재가<MA20 / MA20<MA60 / MA60기울기 -0.30%,60일선 기준 추세필터 미통과,제외 / 60일선 기준 추세필터 미통과,11001,11229,-0.3,방어 모드,[초단타] + [칼손절],+3% / +5% / +10%,-2% / -4% / -6%,"+3% / +5% / +10%
(70%) / (20%) / (10%)","-2% / -4% / -6%
(80%) / (10%) / (10%)",+3%▶70% 익절 / +5%▶20% 익절 / +10%▶10% 익절,-2%▶80% 손절 / -4%▶10% 손절 / -6%▶10% 손절,2026-01-02,2026-06-15,60,C,최근 적합성 참고 수준,거래횟수 매우 부족 / MDD 안정,"분야 금융(공식업종) | 후보출처 NAVER, 시장 방어 모드, 기본기술점수 76점→안전필터/추세필터 반영 30점. 안전필터 확인필요, 시장경보 미확인, 재무등급 C, DART재무 데이터부족/확인필요, PER , PBR nan. RSI 45.7, TRIX 상승전환, ATR 1.7% 수준. 추세필터 제외(현재가<MA60 / 현재가<MA20 / MA20<MA60 / MA60기울기 -0.30%). 백테스트 기준 2026-01-02 ~ 2026-06-15. 과거 구간 최적 조합은 [초단타] + [칼손절]. 백테스트 신뢰도는 C(최근 적합성 참고 수준). 권장 익절은 +3% / +5% / +10%, 손절은 -2% / -4% / -6%. 익절 전략 상세: +3%▶70% 익절 / +5%▶20% 익절 / +10%▶10% 익절. 손절 전략 상세: -2%▶80% 손절 / -4%▶10% 손절 / -6%▶10% 손절. 전략백테스트는 매수비용 0.0005, 매도비용 0.0025, 슬리피지 0.0007를 반영. 추천 투입금액은 약 187,500원. 단, 장중 뉴스/호가/체결강도 확인 후 진입.",45.7,1.75,1.12,예,0.0005,0.0025,0.0007,3.08,-1.29,66.7,3,187500,17,268.8,+3%,11278,0.7,+5%,11497,0.2,+10%,12045,0.1,-2%,10731,0.8,-4%,10512,0.1,-6%,10293,0.1,,,,,,,2026-06-16,전체후보,금융,AI/소프트웨어,금융,공식업종,,금융,64201,표시분야: 금융 / 출처: 공식업종,22,정상,백테스트 거래횟수 부족(3회),⛔ 추세 제외,조건 확인 후 진입,"[과열 체크] 백테스트 거래횟수 부족(3회). 추격매수보다 눌림·재돌파 확인 우선.
후보출처 NAVER, 분야 금융, 점수 30점, 과열판정 정상. 추세/재무/백테스트를 함께 확인 후 진입.",,,,
⛔ 추세 제외,희림,037440,KOSDAQ,NAVER,네이버 거래량 상위,https://finance.naver.com/sise/sise_quant.naver,네이버 금융 거래량 상위 종목을 1차 후보로 사용,,,건축/엔지니어링,,,,,,,,,,,5320,73,29,확인필요,미확인,,C,59,높음,B,69,정상,DART 재무안전 특이사항 낮음,2025,91.4,78.2,142.1,874.9,DART API,2026-06-16,,,,,KRX PER/PBR/ROE/시가총액 데이터 부족 — 위험 판정이 아니라 추가확인 대상 / DART 재무안전 특이사항 낮음,시장경보 확인필요 / 재무등급 C,제외,현재가<MA60 / 현재가>MA20 / MA20<MA60 / MA60기울기 1.58%,60일선 기준 추세필터 미통과,제외 / 60일선 기준 추세필터 미통과,5281,5368.92,1.58,방어 모드,[초단타] + [변동성허용],+3% / +5% / +10%,-5% / -10% / -15%,"+3% / +5% / +10%
(70%) / (20%) / (10%)","-5% / -10% / -15%
(50%) / (30%) / (20%)",+3%▶70% 익절 / +5%▶20% 익절 / +10%▶10% 익절,-5%▶50% 손절 / -10%▶30% 손절 / -15%▶20% 손절,2026-01-02,2026-06-15,69,B,참고 가능하나 추가 검증 필요,거래횟수 매우 부족 / MDD 안정,"분야 건축/엔지니어링(공식업종) | 후보출처 NAVER, 시장 방어 모드, 기본기술점수 73점→안전필터/추세필터 반영 29점. 안전필터 확인필요, 시장경보 미확인, 재무등급 C, DART재무 B/정상, PER , PBR nan. RSI 49.5, TRIX 둔화, ATR 10.7% 수준. 추세필터 제외(현재가<MA60 / 현재가>MA20 / MA20<MA60 / MA60기울기 1.58%). 백테스트 기준 2026-01-02 ~ 2026-06-15. 과거 구간 최적 조합은 [초단타] + [변동성허용]. 백테스트 신뢰도는 B(참고 가능하나 추가 검증 필요). 권장 익절은 +3% / +5% / +10%, 손절은 -5% / -10% / -15%. 익절 전략 상세: +3%▶70% 익절 / +5%▶20% 익절 / +10%▶10% 익절. 손절 전략 상세: -5%▶50% 손절 / -10%▶30% 손절 / -15%▶20% 손절. 전략백테스트는 매수비용 0.0005, 매도비용 0.0025, 슬리피지 0.0007를 반영. 추천 투입금액은 약 181,250원. 단, 장중 뉴스/호가/체결강도 확인 후 진입.",49.5,10.73,3.23,예,0.0005,0.0025,0.0007,31.6,-4.45,85.7,7,181250,34,169,+3%,5479,0.7,+5%,5586,0.2,+10%,5852,0.1,-5%,5054,0.5,-10%,4788,0.3,-15%,4522,0.2,0.81,34.38,,"2023,2024,2025",2286.5 / 2409.6 / 2318.7,63.8 / 134.3 / 78.2,2026-06-16,전체후보,건축/엔지니어링,금융,건축/엔지니어링,공식업종,,건축/엔지니어링,72111,표시분야: 건축/엔지니어링 / 출처: 공식업종,21,정상,고변동성 ATR 10.7%,⛔ 추세 제외,조건 확인 후 진입,"[과열 체크] 고변동성 ATR 10.7%. 추격매수보다 눌림·재돌파 확인 우선.
후보출처 NAVER, 분야 건축/엔지니어링, 점수 29점, 과열판정 정상. 추세/재무/백테스트를 함께 확인 후 진입.",,,,
⛔ 추세 제외,RISE 삼성전자SK하이닉스채권혼합50,001620,KOSPI,NAVER,네이버 거래량 상위,https://finance.naver.com/sise/sise_quant.naver,네이버 금융 거래량 상위 종목을 1차 후보로 사용,,,자동차/부품,,,,,,,,,,,2480,83,29,확인필요,미확인,,C,55,높음,C,55,재무주의,부채비율 322% 과다,2025,185.6,315.6,321.6,2680.5,DART API,2026-06-16,,,,,KRX PER/PBR/ROE/시가총액 데이터 부족 — 위험 판정이 아니라 추가확인 대상 / 부채비율 322% 과다,시장경보 확인필요 / 재무등급 C / DART 재무주의,제외,현재가<MA60 / 현재가<MA20 / MA20<MA60 / MA60기울기 -2.15%,60일선 기준 추세필터 미통과,제외 / 60일선 기준 추세필터 미통과,2555.5,2990.25,-2.15,방어 모드,[초단타] + [칼손절],+3% / +5% / +10%,-2% / -4% / -6%,"+3% / +5% / +10%
(70%) / (20%) / (10%)","-2% / -4% / -6%
(80%) / (10%) / (10%)",+3%▶70% 익절 / +5%▶20% 익절 / +10%▶10% 익절,-2%▶80% 손절 / -4%▶10% 손절 / -6%▶10% 손절,2026-01-02,2026-06-15,32,D,단독 사용 비권장,거래횟수 매우 부족 / MDD 안정 / 수익률 음수 / 승률 낮음,"분야 자동차/부품(공식업종) | 후보출처 NAVER, 시장 방어 모드, 기본기술점수 83점→안전필터/추세필터 반영 29점. 안전필터 확인필요, 시장경보 미확인, 재무등급 C, DART재무 C/재무주의, PER , PBR nan. RSI 41.7, TRIX 상승전환, ATR 6.8% 수준. 추세필터 제외(현재가<MA60 / 현재가<MA20 / MA20<MA60 / MA60기울기 -2.15%). 백테스트 기준 2026-01-02 ~ 2026-06-15. 과거 구간 최적 조합은 [초단타] + [칼손절]. 백테스트 신뢰도는 D(단독 사용 비권장). 권장 익절은 +3% / +5% / +10%, 손절은 -2% / -4% / -6%. 익절 전략 상세: +3%▶70% 익절 / +5%▶20% 익절 / +10%▶10% 익절. 손절 전략 상세: -2%▶80% 손절 / -4%▶10% 손절 / -6%▶10% 손절. 전략백테스트는 매수비용 0.0005, 매도비용 0.0025, 슬리피지 0.0007를 반영. 추천 투입금액은 약 181,250원. 단, 장중 뉴스/호가/체결강도 확인 후 진입.",41.7,6.75,0.38,예,0.0005,0.0025,0.0007,-0.44,0,0,1,181250,73,1747.9,+3%,2554,0.7,+5%,2604,0.2,+10%,2728,0.1,-2%,2430,0.8,-4%,2380,0.1,-6%,2331,0.1,11.9,120.4,,"2023,2024,2025",6494.2 / 6684.0 / 8080.1,80.7 / 256.6 / 315.6,2026-06-16,전체후보,자동차/부품,반도체,자동차/부품,공식업종,,자동차/부품,303,표시분야: 자동차/부품 / 출처: 공식업종,21,정상,백테스트 거래횟수 부족(1회),⛔ 추세 제외,조건 확인 후 진입,"[과열 체크] 백테스트 거래횟수 부족(1회). 추격매수보다 눌림·재돌파 확인 우선.
후보출처 NAVER, 분야 자동차/부품, 점수 29점, 과열판정 정상. 추세/재무/백테스트를 함께 확인 후 진입.",,,,
⛔ 추세 제외,원익홀딩스,030530,KOSDAQ,NAVER,네이버 거래량 상위,https://finance.naver.com/sise/sise_quant.naver,네이버 금융 거래량 상위 종목을 1차 후보로 사용,,,화학,,,,,,,,,,,28800,79,25,확인필요,미확인,,C,55,높음,C,57,재무주의,영업손실 -4억,2025,-4.2,504.3,51.4,13012.4,DART API,2026-06-16,,,,,KRX PER/PBR/ROE/시가총액 데이터 부족 — 위험 판정이 아니라 추가확인 대상 / 영업손실 -4억,시장경보 확인필요 / 재무등급 C / DART 재무주의,제외,현재가<MA60 / 현재가>MA20 / MA20<MA60 / MA60기울기 -1.33%,60일선 기준 추세필터 미통과,제외 / 60일선 기준 추세필터 미통과,27047.5,29653.33,-1.33,방어 모드,[단기스윙] + [버티기형],+5% / +10% / +20%,-5% / -15% / -20%,"+5% / +10% / +20%
(60%) / (30%) / (10%)","-5% / -15% / -20%
(40%) / (30%) / (30%)",+5%▶60% 익절 / +10%▶30% 익절 / +20%▶10% 익절,-5%▶40% 손절 / -15%▶30% 손절 / -20%▶30% 손절,2026-01-02,2026-06-15,32,D,단독 사용 비권장,거래횟수 매우 부족 / MDD 안정 / 수익률 음수 / 승률 낮음,"분야 화학(공식업종) | 후보출처 NAVER, 시장 방어 모드, 기본기술점수 79점→안전필터/추세필터 반영 25점. 안전필터 확인필요, 시장경보 미확인, 재무등급 C, DART재무 C/재무주의, PER , PBR nan. RSI 51.4, TRIX 상승전환, ATR 11.9% 수준. 추세필터 제외(현재가<MA60 / 현재가>MA20 / MA20<MA60 / MA60기울기 -1.33%). 백테스트 기준 2026-01-02 ~ 2026-06-15. 과거 구간 최적 조합은 [단기스윙] + [버티기형]. 백테스트 신뢰도는 D(단독 사용 비권장). 권장 익절은 +5% / +10% / +20%, 손절은 -5% / -15% / -20%. 익절 전략 상세: +5%▶60% 익절 / +10%▶30% 익절 / +20%▶10% 익절. 손절 전략 상세: -5%▶40% 손절 / -15%▶30% 손절 / -20%▶30% 손절. 전략백테스트는 매수비용 0.0005, 매도비용 0.0025, 슬리피지 0.0007를 반영. 추천 투입금액은 약 156,250원. 단, 장중 뉴스/호가/체결강도 확인 후 진입.",51.4,11.92,0.8,예,0.0005,0.0025,0.0007,-1.31,-5.44,33.3,3,156250,5,324.6,+5%,30240,0.6,+10%,31680,0.3,+20%,34560,0.1,-5%,27360,0.4,-15%,24480,0.3,-20%,23040,0.3,-8.68,,,"2023,2024,2025",7495.3 / 6454.7 / 6229.9,-238.0 / -610.6 / 504.3,2026-06-16,전체후보,화학,금융,화학,공식업종,,화학,201,표시분야: 화학 / 출처: 공식업종,9,정상,고변동성 ATR 11.9% / 백테스트 거래횟수 부족(3회),⛔ 추세 제외,조건 확인 후 진입,"[과열 체크] 고변동성 ATR 11.9% / 백테스트 거래횟수 부족(3회). 추격매수보다 눌림·재돌파 확인 우선.
후보출처 NAVER, 분야 화학, 점수 25점, 과열판정 정상. 추세/재무/백테스트를 함께 확인 후 진입.",,,,
⚠️ 소액/재무 관찰,LG디스플레이,034220,KOSPI,NAVER,네이버 거래량 상위,https://finance.naver.com/sise/sise_quant.naver,네이버 금융 거래량 상위 종목을 1차 후보로 사용,,,반도체/전자부품,,,,,,,,,,,14130,35,24,확인필요,미확인,,C,55,높음,C,55,재무주의,부채비율 343% 과다,2025,5169.8,3038.1,343.4,78392.4,DART API,2026-06-16,,,,,KRX PER/PBR/ROE/시가총액 데이터 부족 — 위험 판정이 아니라 추가확인 대상 / 부채비율 343% 과다,시장경보 확인필요 / 재무등급 C / DART 재무주의,안정형 통과,현재가>MA60 / 현재가<MA20 / MA20>MA60 / MA60기울기 1.22%,상승 추세 눌림 후보,안정형 통과 / 상승 추세 눌림 후보,14426,13145.17,1.22,방어 모드,[수익극대화] + [정석방어],+10% / +20% / +40%,-3% / -5% / -10%,"+10% / +20% / +40%
(40%) / (30%) / (30%)","-3% / -5% / -10%
(70%) / (20%) / (10%)",+10%▶40% 익절 / +20%▶30% 익절 / +40%▶30% 익절,-3%▶70% 손절 / -5%▶20% 손절 / -10%▶10% 손절,2026-01-02,2026-06-15,60,C,최근 적합성 참고 수준,거래횟수 매우 부족 / MDD 보통,"분야 반도체/전자부품(공식업종) | 후보출처 NAVER, 시장 방어 모드, 기본기술점수 35점→안전필터/추세필터 반영 24점. 안전필터 확인필요, 시장경보 미확인, 재무등급 C, DART재무 C/재무주의, PER , PBR nan. RSI 50.4, TRIX 둔화, ATR 12.0% 수준. 추세필터 안정형 통과(현재가>MA60 / 현재가<MA20 / MA20>MA60 / MA60기울기 1.22%). 백테스트 기준 2026-01-02 ~ 2026-06-15. 과거 구간 최적 조합은 [수익극대화] + [정석방어]. 백테스트 신뢰도는 C(최근 적합성 참고 수준). 권장 익절은 +10% / +20% / +40%, 손절은 -3% / -5% / -10%. 익절 전략 상세: +10%▶40% 익절 / +20%▶30% 익절 / +40%▶30% 익절. 손절 전략 상세: -3%▶70% 손절 / -5%▶20% 손절 / -10%▶10% 손절. 전략백테스트는 매수비용 0.0005, 매도비용 0.0025, 슬리피지 0.0007를 반영. 추천 투입금액은 약 150,000원. 단, 장중 뉴스/호가/체결강도 확인 후 진입.",50.4,12.01,0.37,예,0.0005,0.0025,0.0007,32.95,-12.34,88.9,9,150000,10,1055.2,+10%,15543,0.4,+20%,16956,0.3,+40%,19782,0.3,-3%,13706,0.7,-5%,13423,0.2,-10%,12717,0.1,,,,"2023,2024,2025",/  /,-25767.3 /  / 3038.1,2026-06-16,전체후보,반도체/전자부품,금융,반도체/전자부품,공식업종,,반도체/전자부품,2621,표시분야: 반도체/전자부품 / 출처: 공식업종,16,정상,고변동성 ATR 12.0%,⚠️ 소액/재무 관찰,조건 확인 후 진입,"[과열 체크] 고변동성 ATR 12.0%. 추격매수보다 눌림·재돌파 확인 우선.
후보출처 NAVER, 분야 반도체/전자부품, 점수 24점, 과열판정 정상. 추세/재무/백테스트를 함께 확인 후 진입.",,,,
⚠️ 소액/재무 관찰,에스에이엠티,031330,KOSDAQ,NAVER,네이버 거래량 상위,https://finance.naver.com/sise/sise_quant.naver,네이버 금융 거래량 상위 종목을 1차 후보로 사용,,,도매,,,,,,,,,,,15700,35,24,확인필요,미확인,,C,55,높음,C,55,재무주의,부채비율 283% 과다,2025,1139,758.3,283.1,4860.6,DART API,2026-06-16,,,,,KRX PER/PBR/ROE/시가총액 데이터 부족 — 위험 판정이 아니라 추가확인 대상 / 부채비율 283% 과다,시장경보 확인필요 / 재무등급 C / DART 재무주의,안정형 통과,현재가>MA60 / 현재가<MA20 / MA20>MA60 / MA60기울기 9.68%,상승 추세 눌림 후보,안정형 통과 / 상승 추세 눌림 후보,15935,9693.33,9.68,방어 모드,[초단타] + [칼손절],+3% / +5% / +10%,-2% / -4% / -6%,"+3% / +5% / +10%
(70%) / (20%) / (10%)","-2% / -4% / -6%
(80%) / (10%) / (10%)",+3%▶70% 익절 / +5%▶20% 익절 / +10%▶10% 익절,-2%▶80% 손절 / -4%▶10% 손절 / -6%▶10% 손절,2026-01-02,2026-06-15,32,D,단독 사용 비권장,거래횟수 매우 부족 / MDD 안정 / 수익률 음수 / 승률 낮음,"분야 도매(공식업종) | 후보출처 NAVER, 시장 방어 모드, 기본기술점수 35점→안전필터/추세필터 반영 24점. 안전필터 확인필요, 시장경보 미확인, 재무등급 C, DART재무 C/재무주의, PER , PBR nan. RSI 56.9, TRIX 둔화, ATR 14.1% 수준. 추세필터 안정형 통과(현재가>MA60 / 현재가<MA20 / MA20>MA60 / MA60기울기 9.68%). 백테스트 기준 2026-01-02 ~ 2026-06-15. 과거 구간 최적 조합은 [초단타] + [칼손절]. 백테스트 신뢰도는 D(단독 사용 비권장). 권장 익절은 +3% / +5% / +10%, 손절은 -2% / -4% / -6%. 익절 전략 상세: +3%▶70% 익절 / +5%▶20% 익절 / +10%▶10% 익절. 손절 전략 상세: -2%▶80% 손절 / -4%▶10% 손절 / -6%▶10% 손절. 전략백테스트는 매수비용 0.0005, 매도비용 0.0025, 슬리피지 0.0007를 반영. 추천 투입금액은 약 150,000원. 단, 장중 뉴스/호가/체결강도 확인 후 진입.",56.9,14.06,0.37,예,0.0005,0.0025,0.0007,0,0,0,0,150000,9,164,+3%,16171,0.7,+5%,16485,0.2,+10%,17270,0.1,-2%,15386,0.8,-4%,15072,0.1,-6%,14758,0.1,34.7,8089586463.35,,"2023,2024,2025",21450.7 / 28894.7 /,0.0 / 543.6 / 758.3,2026-06-16,전체후보,도매,금융,도매,공식업종,,도매,4659,표시분야: 도매 / 출처: 공식업종,16,정상,고변동성 ATR 14.1%,⚠️ 소액/재무 관찰,조건 확인 후 진입,"[과열 체크] 고변동성 ATR 14.1%. 추격매수보다 눌림·재돌파 확인 우선.
후보출처 NAVER, 분야 도매, 점수 24점, 과열판정 정상. 추세/재무/백테스트를 함께 확인 후 진입.",,,,
⛔ 추세 제외,보성파워텍,006910,KOSDAQ,"NAVER,TOSS_CSV","333 PDF 추천리스트,네이버 거래량 상위","https://finance.naver.com/sise/sise_quant.naver,https://www.tossinvest.com/screener/4",PDF 이미지 기반 추출 / 네이버 금융 거래량 상위 종목을 1차 후보로 사용,,,금속가공,,,,,,,,,,,8580,57,21,확인필요,미확인,,B,61,보통,B,73,정상,DART 재무안전 특이사항 낮음,2025,268.1,203.1,120.9,1102.3,DART API,2026-06-16,,,,,KRX PER/PBR/ROE/시가총액 데이터 부족 — 위험 판정이 아니라 추가확인 대상 / DART 재무안전 특이사항 낮음,시장경보 확인필요,제외,현재가<MA60 / 현재가<MA20 / MA20<MA60 / MA60기울기 -2.75%,60일선 기준 추세필터 미통과,제외 / 60일선 기준 추세필터 미통과,9489,10733.67,-2.75,방어 모드,[초단타] + [칼손절],+3% / +5% / +10%,-2% / -4% / -6%,"+3% / +5% / +10%
(70%) / (20%) / (10%)","-2% / -4% / -6%
(80%) / (10%) / (10%)",+3%▶70% 익절 / +5%▶20% 익절 / +10%▶10% 익절,-2%▶80% 손절 / -4%▶10% 손절 / -6%▶10% 손절,2026-01-02,2026-06-15,32,D,단독 사용 비권장,거래횟수 매우 부족 / MDD 안정 / 수익률 음수 / 승률 낮음,"분야 금속가공(공식업종) | 후보출처 NAVER,TOSS_CSV, 시장 방어 모드, 기본기술점수 57점→안전필터/추세필터 반영 21점. 안전필터 확인필요, 시장경보 미확인, 재무등급 B, DART재무 B/정상, PER , PBR nan. RSI 39.7, TRIX 둔화, ATR 8.5% 수준. 추세필터 제외(현재가<MA60 / 현재가<MA20 / MA20<MA60 / MA60기울기 -2.75%). 백테스트 기준 2026-01-02 ~ 2026-06-15. 과거 구간 최적 조합은 [초단타] + [칼손절]. 백테스트 신뢰도는 D(단독 사용 비권장). 권장 익절은 +3% / +5% / +10%, 손절은 -2% / -4% / -6%. 익절 전략 상세: +3%▶70% 익절 / +5%▶20% 익절 / +10%▶10% 익절. 손절 전략 상세: -2%▶80% 손절 / -4%▶10% 손절 / -6%▶10% 손절. 전략백테스트는 매수비용 0.0005, 매도비용 0.0025, 슬리피지 0.0007를 반영. 추천 투입금액은 약 150,000원. 단, 장중 뉴스/호가/체결강도 확인 후 진입.",39.7,8.52,0.99,예,0.0005,0.0025,0.0007,0,0,0,0,150000,17,133.6,+3%,8837,0.7,+5%,9009,0.2,+10%,9438,0.1,-2%,8408,0.8,-4%,8236,0.1,-6%,8065,0.1,44.78,139.03,,"2023,2024,2025",784.9 / 770.6 / 1474.9,43.5 / 59.5 / 203.1,2026-06-16,전체후보,금속가공,금융,금속가공,공식업종,,금속가공,2511,표시분야: 금속가공 / 출처: 공식업종,13,정상,고변동성 ATR 8.5%,⛔ 추세 제외,조건 확인 후 진입,"[과열 체크] 고변동성 ATR 8.5%. 추격매수보다 눌림·재돌파 확인 우선.
후보출처 NAVER,TOSS_CSV, 분야 금속가공, 점수 21점, 과열판정 정상. 추세/재무/백테스트를 함께 확인 후 진입.",,,,
⛔ 추세 제외,에스오에스랩,464080,KOSDAQ,NAVER,네이버 거래량 상위,https://finance.naver.com/sise/sise_quant.naver,네이버 금융 거래량 상위 종목을 1차 후보로 사용,,,의료기기/정밀기기,,,,,,,,,,,13530,98,16,확인필요,미확인,,D,41,매우높음,D,15,재무위험관찰,영업손실 -161억 / 순손실 -177억 / 부채비율 297% 과다,2025,-161.3,-177,297.1,264.5,DART API,2026-06-16,,,,,KRX PER/PBR/ROE/시가총액 데이터 부족 — 위험 판정이 아니라 추가확인 대상 / 영업손실 -161억 / 순손실 -177억 / 부채비율 297% 과다,시장경보 확인필요 / 재무등급 D / DART 재무위험관찰,제외,현재가<MA60 / 현재가>MA20 / MA20<MA60 / MA60기울기 -2.59%,60일선 기준 추세필터 미통과,제외 / 60일선 기준 추세필터 미통과,12372.5,14747.5,-2.59,방어 모드,[초단타] + [버티기형],+3% / +5% / +10%,-5% / -15% / -20%,"+3% / +5% / +10%
(70%) / (20%) / (10%)","-5% / -15% / -20%
(40%) / (30%) / (30%)",+3%▶70% 익절 / +5%▶20% 익절 / +10%▶10% 익절,-5%▶40% 손절 / -15%▶30% 손절 / -20%▶30% 손절,2026-01-02,2026-06-15,62,C,최근 적합성 참고 수준,거래횟수 매우 부족 / MDD 안정,"분야 의료기기/정밀기기(공식업종) | 후보출처 NAVER, 시장 방어 모드, 기본기술점수 98점→안전필터/추세필터 반영 16점. 안전필터 확인필요, 시장경보 미확인, 재무등급 D, DART재무 D/재무위험관찰, PER , PBR nan. RSI 52.6, TRIX 상승전환, ATR 10.8% 수준. 추세필터 제외(현재가<MA60 / 현재가>MA20 / MA20<MA60 / MA60기울기 -2.59%). 백테스트 기준 2026-01-02 ~ 2026-06-15. 과거 구간 최적 조합은 [초단타] + [버티기형]. 백테스트 신뢰도는 C(최근 적합성 참고 수준). 권장 익절은 +3% / +5% / +10%, 손절은 -5% / -15% / -20%. 익절 전략 상세: +3%▶70% 익절 / +5%▶20% 익절 / +10%▶10% 익절. 손절 전략 상세: -5%▶40% 손절 / -15%▶30% 손절 / -20%▶30% 손절. 전략백테스트는 매수비용 0.0005, 매도비용 0.0025, 슬리피지 0.0007를 반영. 추천 투입금액은 약 150,000원. 단, 장중 뉴스/호가/체결강도 확인 후 진입.",52.6,10.84,3.21,예,0.0005,0.0025,0.0007,8.95,-9.04,66.7,3,150000,11,186.1,+3%,13935,0.7,+5%,14206,0.2,+10%,14883,0.1,-5%,12853,0.4,-15%,11500,0.3,-20%,10824,0.3,23.3,,,"2024,2025",49.4 / 60.9,-119.6 / -177.0,2026-06-16,전체후보,의료기기/정밀기기,금융,의료기기/정밀기기,공식업종,,의료기기/정밀기기,27211,표시분야: 의료기기/정밀기기 / 출처: 공식업종,0,정상,고변동성 ATR 10.8% / 백테스트 거래횟수 부족(3회),⛔ 추세 제외,조건 확인 후 진입,"[과열 체크] 고변동성 ATR 10.8% / 백테스트 거래횟수 부족(3회). 추격매수보다 눌림·재돌파 확인 우선.
후보출처 NAVER, 분야 의료기기/정밀기기, 점수 16점, 과열판정 정상. 추세/재무/백테스트를 함께 확인 후 진입.",,,,
⛔ 추세 제외,KODEX 건설,117700,KOSPI,NAVER,네이버 거래량 상위,https://finance.naver.com/sise/sise_quant.naver,네이버 금융 거래량 상위 종목을 1차 후보로 사용,,,분야확인필요,,,,,,,,,,,7850,61,15,확인필요,미확인,,C,53,높음,데이터부족,50,확인필요,DART 재무데이터 부족 또는 API키 미입력,2025,,,,,기업코드없음,2026-06-16,,,,,KRX PER/PBR/ROE/시가총액 데이터 부족 — 위험 판정이 아니라 추가확인 대상 / DART 재무데이터 부족 또는 API키 미입력,시장경보 확인필요 / 재무등급 C,제외,현재가<MA60 / 현재가>MA20 / MA20<MA60 / MA60기울기 0.68%,60일선 기준 추세필터 미통과,제외 / 60일선 기준 추세필터 미통과,7712.5,8176.92,0.68,방어 모드,[초단타] + [칼손절],+3% / +5% / +10%,-2% / -4% / -6%,"+3% / +5% / +10%
(70%) / (20%) / (10%)","-2% / -4% / -6%
(80%) / (10%) / (10%)",+3%▶70% 익절 / +5%▶20% 익절 / +10%▶10% 익절,-2%▶80% 손절 / -4%▶10% 손절 / -6%▶10% 손절,2026-01-02,2026-06-15,32,D,단독 사용 비권장,거래횟수 매우 부족 / MDD 안정 / 수익률 음수 / 승률 낮음,"분야 분야확인필요(확인필요) | 후보출처 NAVER, 시장 방어 모드, 기본기술점수 61점→안전필터/추세필터 반영 15점. 안전필터 확인필요, 시장경보 미확인, 재무등급 C, DART재무 데이터부족/확인필요, PER , PBR nan. RSI 50.0, TRIX 둔화, ATR 6.4% 수준. 추세필터 제외(현재가<MA60 / 현재가>MA20 / MA20<MA60 / MA60기울기 0.68%). 백테스트 기준 2026-01-02 ~ 2026-06-15. 과거 구간 최적 조합은 [초단타] + [칼손절]. 백테스트 신뢰도는 D(단독 사용 비권장). 권장 익절은 +3% / +5% / +10%, 손절은 -2% / -4% / -6%. 익절 전략 상세: +3%▶70% 익절 / +5%▶20% 익절 / +10%▶10% 익절. 손절 전략 상세: -2%▶80% 손절 / -4%▶10% 손절 / -6%▶10% 손절. 전략백테스트는 매수비용 0.0005, 매도비용 0.0025, 슬리피지 0.0007를 반영. 추천 투입금액은 약 150,000원. 단, 장중 뉴스/호가/체결강도 확인 후 진입.",50,6.41,1.05,예,0.0005,0.0025,0.0007,0,0,0,0,150000,19,235.4,+3%,8085,0.7,+5%,8242,0.2,+10%,8635,0.1,-2%,7693,0.8,-4%,7536,0.1,-6%,7379,0.1,,,,,,,2026-06-16,전체후보,,AI/소프트웨어,분야확인필요,확인필요,,,,표시분야: 분야확인필요 / 출처: 확인필요,15,정상,,⛔ 추세 제외,조건 확인 후 진입,"후보출처 NAVER, 분야 AI/소프트웨어, 점수 15점, 과열판정 정상. 추세/재무/백테스트를 함께 확인 후 진입.",,,,
⛔ 추세 제외,아주IB투자,027360,KOSDAQ,NAVER,네이버 거래량 상위,https://finance.naver.com/sise/sise_quant.naver,네이버 금융 거래량 상위 종목을 1차 후보로 사용,,,금융,,,,,,,,,,,7690,50,14,확인필요,미확인,,B,61,보통,B,73,정상,DART 재무안전 특이사항 낮음,2025,118.9,83.2,126.8,2668.7,DART API,2026-06-16,,,,,KRX PER/PBR/ROE/시가총액 데이터 부족 — 위험 판정이 아니라 추가확인 대상 / DART 재무안전 특이사항 낮음,시장경보 확인필요,제외,현재가<MA60 / 현재가<MA20 / MA20>MA60 / MA60기울기 1.59%,60일선 기준 추세필터 미통과,제외 / 60일선 기준 추세필터 미통과,12346.5,12002,1.59,방어 모드,[초단타] + [칼손절],+3% / +5% / +10%,-2% / -4% / -6%,"+3% / +5% / +10%
(70%) / (20%) / (10%)","-2% / -4% / -6%
(80%) / (10%) / (10%)",+3%▶70% 익절 / +5%▶20% 익절 / +10%▶10% 익절,-2%▶80% 손절 / -4%▶10% 손절 / -6%▶10% 손절,2026-01-02,2026-06-15,32,D,단독 사용 비권장,거래횟수 매우 부족 / MDD 안정 / 수익률 음수 / 승률 낮음,"분야 금융(공식업종) | 후보출처 NAVER, 시장 방어 모드, 기본기술점수 50점→안전필터/추세필터 반영 14점. 안전필터 확인필요, 시장경보 미확인, 재무등급 B, DART재무 B/정상, PER , PBR nan. RSI 30.2, TRIX 둔화, ATR 18.2% 수준. 추세필터 제외(현재가<MA60 / 현재가<MA20 / MA20>MA60 / MA60기울기 1.59%). 백테스트 기준 2026-01-02 ~ 2026-06-15. 과거 구간 최적 조합은 [초단타] + [칼손절]. 백테스트 신뢰도는 D(단독 사용 비권장). 권장 익절은 +3% / +5% / +10%, 손절은 -2% / -4% / -6%. 익절 전략 상세: +3%▶70% 익절 / +5%▶20% 익절 / +10%▶10% 익절. 손절 전략 상세: -2%▶80% 손절 / -4%▶10% 손절 / -6%▶10% 손절. 전략백테스트는 매수비용 0.0005, 매도비용 0.0025, 슬리피지 0.0007를 반영. 추천 투입금액은 약 150,000원. 단, 장중 뉴스/호가/체결강도 확인 후 진입.",30.2,18.17,0.64,예,0.0005,0.0025,0.0007,0,0,0,0,150000,19,531.2,+3%,7920,0.7,+5%,8074,0.2,+10%,8459,0.1,-2%,7536,0.8,-4%,7382,0.1,-6%,7228,0.1,678.33,-24.95,,"2023,2024,2025",2.1 / 32.6 / 4.0,166.0 / 83.2 / 83.2,2026-06-16,전체후보,금융,금융,금융,공식업종,,금융,649,표시분야: 금융 / 출처: 공식업종,6,정상,고변동성 ATR 18.2%,⛔ 추세 제외,조건 확인 후 진입,"[과열 체크] 고변동성 ATR 18.2%. 추격매수보다 눌림·재돌파 확인 우선.
후보출처 NAVER, 분야 금융, 점수 14점, 과열판정 정상. 추세/재무/백테스트를 함께 확인 후 진입.",,,,
⛔ 추세 제외,TIGER 2차전지TOP10,364980,KOSPI,NAVER,네이버 거래량 상위,https://finance.naver.com/sise/sise_quant.naver,네이버 금융 거래량 상위 종목을 1차 후보로 사용,,,분야확인필요,,,,,,,,,,,11965,59,13,확인필요,미확인,,C,53,높음,데이터부족,50,확인필요,DART 재무데이터 부족 또는 API키 미입력,2025,,,,,기업코드없음,2026-06-16,,,,,KRX PER/PBR/ROE/시가총액 데이터 부족 — 위험 판정이 아니라 추가확인 대상 / DART 재무데이터 부족 또는 API키 미입력,시장경보 확인필요 / 재무등급 C,제외,현재가<MA60 / 현재가<MA20 / MA20>MA60 / MA60기울기 0.74%,60일선 기준 추세필터 미통과,제외 / 60일선 기준 추세필터 미통과,12153.75,12078.58,0.74,방어 모드,[초단타] + [칼손절],+3% / +5% / +10%,-2% / -4% / -6%,"+3% / +5% / +10%
(70%) / (20%) / (10%)","-2% / -4% / -6%
(80%) / (10%) / (10%)",+3%▶70% 익절 / +5%▶20% 익절 / +10%▶10% 익절,-2%▶80% 손절 / -4%▶10% 손절 / -6%▶10% 손절,2026-01-02,2026-06-15,32,D,단독 사용 비권장,거래횟수 매우 부족 / MDD 안정 / 수익률 음수 / 승률 낮음,"분야 분야확인필요(확인필요) | 후보출처 NAVER, 시장 방어 모드, 기본기술점수 59점→안전필터/추세필터 반영 13점. 안전필터 확인필요, 시장경보 미확인, 재무등급 C, DART재무 데이터부족/확인필요, PER , PBR nan. RSI 48.1, TRIX 둔화, ATR 6.4% 수준. 추세필터 제외(현재가<MA60 / 현재가<MA20 / MA20>MA60 / MA60기울기 0.74%). 백테스트 기준 2026-01-02 ~ 2026-06-15. 과거 구간 최적 조합은 [초단타] + [칼손절]. 백테스트 신뢰도는 D(단독 사용 비권장). 권장 익절은 +3% / +5% / +10%, 손절은 -2% / -4% / -6%. 익절 전략 상세: +3%▶70% 익절 / +5%▶20% 익절 / +10%▶10% 익절. 손절 전략 상세: -2%▶80% 손절 / -4%▶10% 손절 / -6%▶10% 손절. 전략백테스트는 매수비용 0.0005, 매도비용 0.0025, 슬리피지 0.0007를 반영. 추천 투입금액은 약 150,000원. 단, 장중 뉴스/호가/체결강도 확인 후 진입.",48.1,6.38,0.75,예,0.0005,0.0025,0.0007,0,0,0,0,150000,12,481.6,+3%,12323,0.7,+5%,12563,0.2,+10%,13161,0.1,-2%,11725,0.8,-4%,11486,0.1,-6%,11247,0.1,,,,,,,2026-06-16,전체후보,,AI/소프트웨어,분야확인필요,확인필요,,,,표시분야: 분야확인필요 / 출처: 확인필요,13,정상,,⛔ 추세 제외,조건 확인 후 진입,"후보출처 NAVER, 분야 AI/소프트웨어, 점수 13점, 과열판정 정상. 추세/재무/백테스트를 함께 확인 후 진입.",,,,
⛔ 추세 제외,TIGER 코스닥150,232080,KOSPI,NAVER,네이버 거래량 상위,https://finance.naver.com/sise/sise_quant.naver,네이버 금융 거래량 상위 종목을 1차 후보로 사용,,,분야확인필요,,,,,,,,,,,18685,57,11,확인필요,미확인,,C,53,높음,데이터부족,50,확인필요,DART 재무데이터 부족 또는 API키 미입력,2025,,,,,기업코드없음,2026-06-16,,,,,KRX PER/PBR/ROE/시가총액 데이터 부족 — 위험 판정이 아니라 추가확인 대상 / DART 재무데이터 부족 또는 API키 미입력,시장경보 확인필요 / 재무등급 C,제외,현재가<MA60 / 현재가>MA20 / MA20<MA60 / MA60기울기 -1.03%,60일선 기준 추세필터 미통과,제외 / 60일선 기준 추세필터 미통과,18581.75,19438.75,-1.03,방어 모드,[중기추세] + [칼손절],+10% / +20% / +30%,-2% / -4% / -6%,"+10% / +20% / +30%
(50%) / (30%) / (20%)","-2% / -4% / -6%
(80%) / (10%) / (10%)",+10%▶50% 익절 / +20%▶30% 익절 / +30%▶20% 익절,-2%▶80% 손절 / -4%▶10% 손절 / -6%▶10% 손절,2026-01-02,2026-06-15,65,B,참고 가능하나 추가 검증 필요,거래횟수 매우 부족 / MDD 안정,"분야 분야확인필요(확인필요) | 후보출처 NAVER, 시장 방어 모드, 기본기술점수 57점→안전필터/추세필터 반영 11점. 안전필터 확인필요, 시장경보 미확인, 재무등급 C, DART재무 데이터부족/확인필요, PER , PBR nan. RSI 49.5, TRIX 둔화, ATR 6.1% 수준. 추세필터 제외(현재가<MA60 / 현재가>MA20 / MA20<MA60 / MA60기울기 -1.03%). 백테스트 기준 2026-01-02 ~ 2026-06-15. 과거 구간 최적 조합은 [중기추세] + [칼손절]. 백테스트 신뢰도는 B(참고 가능하나 추가 검증 필요). 권장 익절은 +10% / +20% / +30%, 손절은 -2% / -4% / -6%. 익절 전략 상세: +10%▶50% 익절 / +20%▶30% 익절 / +30%▶20% 익절. 손절 전략 상세: -2%▶80% 손절 / -4%▶10% 손절 / -6%▶10% 손절. 전략백테스트는 매수비용 0.0005, 매도비용 0.0025, 슬리피지 0.0007를 반영. 추천 투입금액은 약 150,000원. 단, 장중 뉴스/호가/체결강도 확인 후 진입.",49.5,6.06,0.52,예,0.0005,0.0025,0.0007,19.66,0,100,3,150000,8,441.9,+10%,20553,0.5,+20%,22422,0.3,+30%,24290,0.2,-2%,18311,0.8,-4%,17937,0.1,-6%,17563,0.1,,,,,,,2026-06-16,전체후보,,AI/소프트웨어,분야확인필요,확인필요,,,,표시분야: 분야확인필요 / 출처: 확인필요,3,정상,백테스트 거래횟수 부족(3회),⛔ 추세 제외,조건 확인 후 진입,"[과열 체크] 백테스트 거래횟수 부족(3회). 추격매수보다 눌림·재돌파 확인 우선.
후보출처 NAVER, 분야 AI/소프트웨어, 점수 11점, 과열판정 정상. 추세/재무/백테스트를 함께 확인 후 진입.",,,,
⛔ 추세 제외,우리기술,032820,KOSDAQ,NAVER,네이버 거래량 상위,https://finance.naver.com/sise/sise_quant.naver,네이버 금융 거래량 상위 종목을 1차 후보로 사용,,,전기장비/배터리,,,,,,,,,,,15080,93,11,확인필요,미확인,,D,41,매우높음,D,15,재무위험관찰,영업손실 -55억 / 순손실 -41억 / 부채비율 272% 과다,2025,-54.9,-41,272.1,1243.9,DART API,2026-06-16,,,,,KRX PER/PBR/ROE/시가총액 데이터 부족 — 위험 판정이 아니라 추가확인 대상 / 영업손실 -55억 / 순손실 -41억 / 부채비율 272% 과다,시장경보 확인필요 / 재무등급 D / DART 재무위험관찰,제외,현재가<MA60 / 현재가<MA20 / MA20<MA60 / MA60기울기 -3.52%,60일선 기준 추세필터 미통과,제외 / 60일선 기준 추세필터 미통과,15499.5,20143.83,-3.52,방어 모드,[초단타] + [칼손절],+3% / +5% / +10%,-2% / -4% / -6%,"+3% / +5% / +10%
(70%) / (20%) / (10%)","-2% / -4% / -6%
(80%) / (10%) / (10%)",+3%▶70% 익절 / +5%▶20% 익절 / +10%▶10% 익절,-2%▶80% 손절 / -4%▶10% 손절 / -6%▶10% 손절,2026-01-02,2026-06-15,32,D,단독 사용 비권장,거래횟수 매우 부족 / MDD 안정 / 수익률 음수 / 승률 낮음,"분야 전기장비/배터리(공식업종) | 후보출처 NAVER, 시장 방어 모드, 기본기술점수 93점→안전필터/추세필터 반영 11점. 안전필터 확인필요, 시장경보 미확인, 재무등급 D, DART재무 D/재무위험관찰, PER , PBR nan. RSI 44.9, TRIX 상승전환, ATR 10.5% 수준. 추세필터 제외(현재가<MA60 / 현재가<MA20 / MA20<MA60 / MA60기울기 -3.52%). 백테스트 기준 2026-01-02 ~ 2026-06-15. 과거 구간 최적 조합은 [초단타] + [칼손절]. 백테스트 신뢰도는 D(단독 사용 비권장). 권장 익절은 +3% / +5% / +10%, 손절은 -2% / -4% / -6%. 익절 전략 상세: +3%▶70% 익절 / +5%▶20% 익절 / +10%▶10% 익절. 손절 전략 상세: -2%▶80% 손절 / -4%▶10% 손절 / -6%▶10% 손절. 전략백테스트는 매수비용 0.0005, 매도비용 0.0025, 슬리피지 0.0007를 반영. 추천 투입금액은 약 150,000원. 단, 장중 뉴스/호가/체결강도 확인 후 진입.",44.9,10.52,2.27,예,0.0005,0.0025,0.0007,-0.42,0,0,1,150000,9,1817.4,+3%,15532,0.7,+5%,15834,0.2,+10%,16588,0.1,-2%,14778,0.8,-4%,14476,0.1,-6%,14175,0.1,17.55,-187.47,,"2023,2024,2025",631.7 / 712.5 / 871.4,50.3 / -44.0 / -41.0,2026-06-16,전체후보,전기장비/배터리,금융,전기장비/배터리,공식업종,,전기장비/배터리,281,표시분야: 전기장비/배터리 / 출처: 공식업종,0,정상,고변동성 ATR 10.5% / 백테스트 거래횟수 부족(1회),⛔ 추세 제외,조건 확인 후 진입,"[과열 체크] 고변동성 ATR 10.5% / 백테스트 거래횟수 부족(1회). 추격매수보다 눌림·재돌파 확인 우선.
후보출처 NAVER, 분야 전기장비/배터리, 점수 11점, 과열판정 정상. 추세/재무/백테스트를 함께 확인 후 진입.",,,,
⛔ 추세 제외,KODEX 코스닥150,229200,KOSPI,NAVER,네이버 거래량 상위,https://finance.naver.com/sise/sise_quant.naver,네이버 금융 거래량 상위 종목을 1차 후보로 사용,,,분야확인필요,,,,,,,,,,,18295,56,10,확인필요,미확인,,C,53,높음,데이터부족,50,확인필요,DART 재무데이터 부족 또는 API키 미입력,2025,,,,,기업코드없음,2026-06-16,,,,,KRX PER/PBR/ROE/시가총액 데이터 부족 — 위험 판정이 아니라 추가확인 대상 / DART 재무데이터 부족 또는 API키 미입력,시장경보 확인필요 / 재무등급 C,제외,현재가<MA60 / 현재가>MA20 / MA20<MA60 / MA60기울기 -0.99%,60일선 기준 추세필터 미통과,제외 / 60일선 기준 추세필터 미통과,18221.25,19048.67,-0.99,방어 모드,[초단타] + [칼손절],+3% / +5% / +10%,-2% / -4% / -6%,"+3% / +5% / +10%
(70%) / (20%) / (10%)","-2% / -4% / -6%
(80%) / (10%) / (10%)",+3%▶70% 익절 / +5%▶20% 익절 / +10%▶10% 익절,-2%▶80% 손절 / -4%▶10% 손절 / -6%▶10% 손절,2026-01-02,2026-06-15,32,D,단독 사용 비권장,거래횟수 매우 부족 / MDD 안정 / 수익률 음수 / 승률 낮음,"분야 분야확인필요(확인필요) | 후보출처 NAVER, 시장 방어 모드, 기본기술점수 56점→안전필터/추세필터 반영 10점. 안전필터 확인필요, 시장경보 미확인, 재무등급 C, DART재무 데이터부족/확인필요, PER , PBR nan. RSI 49.4, TRIX 둔화, ATR 6.2% 수준. 추세필터 제외(현재가<MA60 / 현재가>MA20 / MA20<MA60 / MA60기울기 -0.99%). 백테스트 기준 2026-01-02 ~ 2026-06-15. 과거 구간 최적 조합은 [초단타] + [칼손절]. 백테스트 신뢰도는 D(단독 사용 비권장). 권장 익절은 +3% / +5% / +10%, 손절은 -2% / -4% / -6%. 익절 전략 상세: +3%▶70% 익절 / +5%▶20% 익절 / +10%▶10% 익절. 손절 전략 상세: -2%▶80% 손절 / -4%▶10% 손절 / -6%▶10% 손절. 전략백테스트는 매수비용 0.0005, 매도비용 0.0025, 슬리피지 0.0007를 반영. 추천 투입금액은 약 150,000원. 단, 장중 뉴스/호가/체결강도 확인 후 진입.",49.4,6.15,0.42,예,0.0005,0.0025,0.0007,0,0,0,0,150000,8,2584.5,+3%,18843,0.7,+5%,19209,0.2,+10%,20124,0.1,-2%,17929,0.8,-4%,17563,0.1,-6%,17197,0.1,,,,,,,2026-06-16,전체후보,,AI/소프트웨어,분야확인필요,확인필요,,,,표시분야: 분야확인필요 / 출처: 확인필요,10,정상,,⛔ 추세 제외,조건 확인 후 진입,"후보출처 NAVER, 분야 AI/소프트웨어, 점수 10점, 과열판정 정상. 추세/재무/백테스트를 함께 확인 후 진입.",,,,
⚠️ 소액/재무 관찰,대한광통신,010170,KOSDAQ,NAVER,네이버 거래량 상위,https://finance.naver.com/sise/sise_quant.naver,네이버 금융 거래량 상위 종목을 1차 후보로 사용,,,전기장비/배터리,,,,,,,,,,,18960,37,8,확인필요,미확인,,D,41,매우높음,D,15,재무위험관찰,영업손실 -214억 / 순손실 -280억 / 부채비율 329% 과다,2025,-214.1,-279.7,328.6,666.5,DART API,2026-06-16,,,,,KRX PER/PBR/ROE/시가총액 데이터 부족 — 위험 판정이 아니라 추가확인 대상 / 영업손실 -214억 / 순손실 -280억 / 부채비율 329% 과다,시장경보 확인필요 / 재무등급 D / DART 재무위험관찰,안정형 통과,현재가>MA60 / 현재가<MA20 / MA20>MA60 / MA60기울기 5.47%,상승 추세 눌림 후보,안정형 통과 / 상승 추세 눌림 후보,21193.5,17032,5.47,방어 모드,[초단타] + [칼손절],+3% / +5% / +10%,-2% / -4% / -6%,"+3% / +5% / +10%
(70%) / (20%) / (10%)","-2% / -4% / -6%
(80%) / (10%) / (10%)",+3%▶70% 익절 / +5%▶20% 익절 / +10%▶10% 익절,-2%▶80% 손절 / -4%▶10% 손절 / -6%▶10% 손절,2026-01-02,2026-06-15,32,D,단독 사용 비권장,거래횟수 매우 부족 / MDD 안정 / 수익률 음수 / 승률 낮음,"분야 전기장비/배터리(공식업종) | 후보출처 NAVER, 시장 방어 모드, 기본기술점수 37점→안전필터/추세필터 반영 8점. 안전필터 확인필요, 시장경보 미확인, 재무등급 D, DART재무 D/재무위험관찰, PER , PBR nan. RSI 48.0, TRIX 둔화, ATR 16.4% 수준. 추세필터 안정형 통과(현재가>MA60 / 현재가<MA20 / MA20>MA60 / MA60기울기 5.47%). 백테스트 기준 2026-01-02 ~ 2026-06-15. 과거 구간 최적 조합은 [초단타] + [칼손절]. 백테스트 신뢰도는 D(단독 사용 비권장). 권장 익절은 +3% / +5% / +10%, 손절은 -2% / -4% / -6%. 익절 전략 상세: +3%▶70% 익절 / +5%▶20% 익절 / +10%▶10% 익절. 손절 전략 상세: -2%▶80% 손절 / -4%▶10% 손절 / -6%▶10% 손절. 전략백테스트는 매수비용 0.0005, 매도비용 0.0025, 슬리피지 0.0007를 반영. 추천 투입금액은 약 150,000원. 단, 장중 뉴스/호가/체결강도 확인 후 진입.",48,16.41,0.59,예,0.0005,0.0025,0.0007,0,0,0,0,150000,7,2053.1,+3%,19528,0.7,+5%,19908,0.2,+10%,20856,0.1,-2%,18580,0.8,-4%,18201,0.1,-6%,17822,0.1,-11.99,,,"2023,2024,2025",1802.6 / 1527.2 / 1394.5,-294.6 / -560.4 / -279.7,2026-06-16,전체후보,전기장비/배터리,금융,전기장비/배터리,공식업종,,전기장비/배터리,283,표시분야: 전기장비/배터리 / 출처: 공식업종,0,정상,고변동성 ATR 16.4%,⚠️ 소액/재무 관찰,조건 확인 후 진입,"[과열 체크] 고변동성 ATR 16.4%. 추격매수보다 눌림·재돌파 확인 우선.
후보출처 NAVER, 분야 전기장비/배터리, 점수 8점, 과열판정 정상. 추세/재무/백테스트를 함께 확인 후 진입.",,,,
⛔ 추세 제외,팬오션,028670,KOSPI,NAVER,네이버 거래량 상위,https://finance.naver.com/sise/sise_quant.naver,네이버 금융 거래량 상위 종목을 1차 후보로 사용,,,해운/항공,,,,,,,,,,,5340,59,7,확인필요,미확인,,C,58,높음,B,65,재무주의,부채비율 190% 주의,2025,4919.5,3014.1,189.6,57234.8,DART API,2026-06-16,,,,,KRX PER/PBR/ROE/시가총액 데이터 부족 — 위험 판정이 아니라 추가확인 대상 / 부채비율 190% 주의,시장경보 확인필요 / 재무등급 C / DART 재무주의,제외,현재가<MA60 / 현재가<MA20 / MA20>MA60 / MA60기울기 0.09%,60일선 기준 추세필터 미통과,제외 / 60일선 기준 추세필터 미통과,5466.25,5430.33,0.09,방어 모드,[초단타] + [칼손절],+3% / +5% / +10%,-2% / -4% / -6%,"+3% / +5% / +10%
(70%) / (20%) / (10%)","-2% / -4% / -6%
(80%) / (10%) / (10%)",+3%▶70% 익절 / +5%▶20% 익절 / +10%▶10% 익절,-2%▶80% 손절 / -4%▶10% 손절 / -6%▶10% 손절,2026-01-02,2026-06-15,32,D,단독 사용 비권장,거래횟수 매우 부족 / MDD 안정 / 수익률 음수 / 승률 낮음,"분야 해운/항공(공식업종) | 후보출처 NAVER, 시장 방어 모드, 기본기술점수 59점→안전필터/추세필터 반영 7점. 안전필터 확인필요, 시장경보 미확인, 재무등급 C, DART재무 B/재무주의, PER , PBR nan. RSI 48.3, TRIX 둔화, ATR 6.1% 수준. 추세필터 제외(현재가<MA60 / 현재가<MA20 / MA20>MA60 / MA60기울기 0.09%). 백테스트 기준 2026-01-02 ~ 2026-06-15. 과거 구간 최적 조합은 [초단타] + [칼손절]. 백테스트 신뢰도는 D(단독 사용 비권장). 권장 익절은 +3% / +5% / +10%, 손절은 -2% / -4% / -6%. 익절 전략 상세: +3%▶70% 익절 / +5%▶20% 익절 / +10%▶10% 익절. 손절 전략 상세: -2%▶80% 손절 / -4%▶10% 손절 / -6%▶10% 손절. 전략백테스트는 매수비용 0.0005, 매도비용 0.0025, 슬리피지 0.0007를 반영. 추천 투입금액은 약 150,000원. 단, 장중 뉴스/호가/체결강도 확인 후 진입.",48.3,6.09,0.82,예,0.0005,0.0025,0.0007,0,0,0,0,150000,28,131.2,+3%,5500,0.7,+5%,5607,0.2,+10%,5874,0.1,-2%,5233,0.8,-4%,5126,0.1,-6%,5019,0.1,11.81,10.92,,"2023,2024,2025",43609.8 / 51612.2 / 54328.9,2450.4 / 2681.4 / 3014.1,2026-06-16,전체후보,해운/항공,금융,해운/항공,공식업종,,해운/항공,50112,표시분야: 해운/항공 / 출처: 공식업종,7,정상,,⛔ 추세 제외,조건 확인 후 진입,"후보출처 NAVER, 분야 해운/항공, 점수 7점, 과열판정 정상. 추세/재무/백테스트를 함께 확인 후 진입.",,,,
⛔ 추세 제외,삼성중공업,010140,KOSPI,NAVER,네이버 거래량 상위,https://finance.naver.com/sise/sise_quant.naver,네이버 금융 거래량 상위 종목을 1차 후보로 사용,,,조선/운송장비,,,,,,,,,,,28650,59,5,확인필요,미확인,,C,55,높음,C,55,재무주의,부채비율 365% 과다,2025,8622.1,5357.5,365,40950.4,DART API,2026-06-16,,,,,KRX PER/PBR/ROE/시가총액 데이터 부족 — 위험 판정이 아니라 추가확인 대상 / 부채비율 365% 과다,시장경보 확인필요 / 재무등급 C / DART 재무주의,제외,현재가<MA60 / 현재가>MA20 / MA20<MA60 / MA60기울기 -0.89%,60일선 기준 추세필터 미통과,제외 / 60일선 기준 추세필터 미통과,27982.5,28928.33,-0.89,방어 모드,[초단타] + [칼손절],+3% / +5% / +10%,-2% / -4% / -6%,"+3% / +5% / +10%
(70%) / (20%) / (10%)","-2% / -4% / -6%
(80%) / (10%) / (10%)",+3%▶70% 익절 / +5%▶20% 익절 / +10%▶10% 익절,-2%▶80% 손절 / -4%▶10% 손절 / -6%▶10% 손절,2026-01-02,2026-06-15,32,D,단독 사용 비권장,거래횟수 매우 부족 / MDD 안정 / 수익률 음수 / 승률 낮음,"분야 조선/운송장비(공식업종) | 후보출처 NAVER, 시장 방어 모드, 기본기술점수 59점→안전필터/추세필터 반영 5점. 안전필터 확인필요, 시장경보 미확인, 재무등급 C, DART재무 C/재무주의, PER , PBR nan. RSI 51.3, TRIX 둔화, ATR 6.2% 수준. 추세필터 제외(현재가<MA60 / 현재가>MA20 / MA20<MA60 / MA60기울기 -0.89%). 백테스트 기준 2026-01-02 ~ 2026-06-15. 과거 구간 최적 조합은 [초단타] + [칼손절]. 백테스트 신뢰도는 D(단독 사용 비권장). 권장 익절은 +3% / +5% / +10%, 손절은 -2% / -4% / -6%. 익절 전략 상세: +3%▶70% 익절 / +5%▶20% 익절 / +10%▶10% 익절. 손절 전략 상세: -2%▶80% 손절 / -4%▶10% 손절 / -6%▶10% 손절. 전략백테스트는 매수비용 0.0005, 매도비용 0.0025, 슬리피지 0.0007를 반영. 추천 투입금액은 약 150,000원. 단, 장중 뉴스/호가/체결강도 확인 후 진입.",51.3,6.22,0.78,예,0.0005,0.0025,0.0007,0,0,0,0,150000,5,1313.9,+3%,29509,0.7,+5%,30082,0.2,+10%,31515,0.1,-2%,28077,0.8,-4%,27504,0.1,-6%,26931,0.1,15.59,894.4,,"2023,2024,2025",80094.3 / 99030.8 / 106500.1,-1555.6 / 538.8 / 5357.5,2026-06-16,전체후보,조선/운송장비,금융,조선/운송장비,공식업종,,조선/운송장비,3111,표시분야: 조선/운송장비 / 출처: 공식업종,5,정상,,⛔ 추세 제외,조건 확인 후 진입,"후보출처 NAVER, 분야 조선/운송장비, 점수 5점, 과열판정 정상. 추세/재무/백테스트를 함께 확인 후 진입.",,,,
⛔ 추세 제외,휴림로봇,090710,KOSDAQ,NAVER,네이버 거래량 상위,https://finance.naver.com/sise/sise_quant.naver,네이버 금융 거래량 상위 종목을 1차 후보로 사용,,,기계/장비,,,,,,,,,,,11250,77,5,확인필요,미확인,,C,47,높음,D,33,재무위험관찰,영업손실 -173억 / 순손실 -301억,2025,-173.2,-300.8,136.1,2032.9,DART API,2026-06-16,,,,,KRX PER/PBR/ROE/시가총액 데이터 부족 — 위험 판정이 아니라 추가확인 대상 / 영업손실 -173억 / 순손실 -301억,시장경보 확인필요 / 재무등급 C / DART 재무위험관찰,제외,현재가<MA60 / 현재가>MA20 / MA20<MA60 / MA60기울기 -0.97%,60일선 기준 추세필터 미통과,제외 / 60일선 기준 추세필터 미통과,11176.5,11851.5,-0.97,방어 모드,[초단타] + [칼손절],+3% / +5% / +10%,-2% / -4% / -6%,"+3% / +5% / +10%
(70%) / (20%) / (10%)","-2% / -4% / -6%
(80%) / (10%) / (10%)",+3%▶70% 익절 / +5%▶20% 익절 / +10%▶10% 익절,-2%▶80% 손절 / -4%▶10% 손절 / -6%▶10% 손절,2026-01-02,2026-06-15,65,B,참고 가능하나 추가 검증 필요,거래횟수 매우 부족 / MDD 안정,"분야 기계/장비(공식업종) | 후보출처 NAVER, 시장 방어 모드, 기본기술점수 77점→안전필터/추세필터 반영 5점. 안전필터 확인필요, 시장경보 미확인, 재무등급 C, DART재무 D/재무위험관찰, PER , PBR nan. RSI 49.3, TRIX 상승전환, ATR 9.8% 수준. 추세필터 제외(현재가<MA60 / 현재가>MA20 / MA20<MA60 / MA60기울기 -0.97%). 백테스트 기준 2026-01-02 ~ 2026-06-15. 과거 구간 최적 조합은 [초단타] + [칼손절]. 백테스트 신뢰도는 B(참고 가능하나 추가 검증 필요). 권장 익절은 +3% / +5% / +10%, 손절은 -2% / -4% / -6%. 익절 전략 상세: +3%▶70% 익절 / +5%▶20% 익절 / +10%▶10% 익절. 손절 전략 상세: -2%▶80% 손절 / -4%▶10% 손절 / -6%▶10% 손절. 전략백테스트는 매수비용 0.0005, 매도비용 0.0025, 슬리피지 0.0007를 반영. 추천 투입금액은 약 150,000원. 단, 장중 뉴스/호가/체결강도 확인 후 진입.",49.3,9.84,0.57,예,0.0005,0.0025,0.0007,16.94,-1.47,100,1,150000,13,550.4,+3%,11587,0.7,+5%,11812,0.2,+10%,12375,0.1,-2%,11025,0.8,-4%,10800,0.1,-6%,10575,0.1,43.73,-1477.94,,"2023,2024,2025",826.7 / 1331.0 / 1683.0,6.8 / -93.9 / -300.8,2026-06-16,전체후보,기계/장비,로봇,기계/장비,공식업종,,기계/장비,29280,표시분야: 기계/장비 / 출처: 공식업종,0,정상,고변동성 ATR 9.8% / 백테스트 거래횟수 부족(1회),⛔ 추세 제외,조건 확인 후 진입,"[과열 체크] 고변동성 ATR 9.8% / 백테스트 거래횟수 부족(1회). 추격매수보다 눌림·재돌파 확인 우선.
후보출처 NAVER, 분야 기계/장비, 점수 5점, 과열판정 정상. 추세/재무/백테스트를 함께 확인 후 진입.",,,,
⛔ 추세 제외,엔비알모션,000040,KOSDAQ,NAVER,네이버 거래량 상위,https://finance.naver.com/sise/sise_quant.naver,네이버 금융 거래량 상위 종목을 1차 후보로 사용,,,금융,,,,,,,,,,,340,77,5,확인필요,미확인,,C,47,높음,D,33,재무위험관찰,영업손실 -29억 / 순손실 -19억,2025,-28.9,-19,115.7,436.7,DART API,2026-06-16,,,,,KRX PER/PBR/ROE/시가총액 데이터 부족 — 위험 판정이 아니라 추가확인 대상 / 영업손실 -29억 / 순손실 -19억,시장경보 확인필요 / 재무등급 C / DART 재무위험관찰,제외,현재가<MA60 / 현재가<MA20 / MA20<MA60 / MA60기울기 -0.84%,60일선 기준 추세필터 미통과,제외 / 60일선 기준 추세필터 미통과,351.1,399.5,-0.84,방어 모드,[수익극대화] + [칼손절],+10% / +20% / +40%,-2% / -4% / -6%,"+10% / +20% / +40%
(40%) / (30%) / (30%)","-2% / -4% / -6%
(80%) / (10%) / (10%)",+10%▶40% 익절 / +20%▶30% 익절 / +40%▶30% 익절,-2%▶80% 손절 / -4%▶10% 손절 / -6%▶10% 손절,2026-01-02,2026-06-15,55,C,최근 적합성 참고 수준,거래횟수 매우 부족 / MDD 안정,"분야 금융(공식업종) | 후보출처 NAVER, 시장 방어 모드, 기본기술점수 77점→안전필터/추세필터 반영 5점. 안전필터 확인필요, 시장경보 미확인, 재무등급 C, DART재무 D/재무위험관찰, PER , PBR nan. RSI 40.4, TRIX 상승전환, ATR 8.9% 수준. 추세필터 제외(현재가<MA60 / 현재가<MA20 / MA20<MA60 / MA60기울기 -0.84%). 백테스트 기준 2026-01-02 ~ 2026-06-15. 과거 구간 최적 조합은 [수익극대화] + [칼손절]. 백테스트 신뢰도는 C(최근 적합성 참고 수준). 권장 익절은 +10% / +20% / +40%, 손절은 -2% / -4% / -6%. 익절 전략 상세: +10%▶40% 익절 / +20%▶30% 익절 / +40%▶30% 익절. 손절 전략 상세: -2%▶80% 손절 / -4%▶10% 손절 / -6%▶10% 손절. 전략백테스트는 매수비용 0.0005, 매도비용 0.0025, 슬리피지 0.0007를 반영. 추천 투입금액은 약 150,000원. 단, 장중 뉴스/호가/체결강도 확인 후 진입.",40.4,8.89,0.35,예,0.0005,0.0025,0.0007,11.1,-5.11,50,8,150000,441,225,+10%,374,0.4,+20%,408,0.3,+40%,475,0.3,-2%,333,0.8,-4%,326,0.1,-6%,319,0.1,-46.66,,,"2023,2024,2025",784.1 / 160.2 / 138.2,-210.3 / -142.2 / -19.0,2026-06-16,전체후보,금융,금융,금융,공식업종,,금융,649,표시분야: 금융 / 출처: 공식업종,0,정상,고변동성 ATR 8.9%,⛔ 추세 제외,조건 확인 후 진입,"[과열 체크] 고변동성 ATR 8.9%. 추격매수보다 눌림·재돌파 확인 우선.
후보출처 NAVER, 분야 금융, 점수 5점, 과열판정 정상. 추세/재무/백테스트를 함께 확인 후 진입.",,,,
⛔ 추세 제외,PS일렉트로닉스,332570,KOSDAQ,"NAVER,TOSS_CSV","333 PDF 추천리스트,네이버 거래량 상위","https://finance.naver.com/sise/sise_quant.naver,https://www.tossinvest.com/screener/4",PDF 이미지 기반 추출 / 네이버 금융 거래량 상위 종목을 1차 후보로 사용,,,반도체/전자부품,,,,,,,,,,,7910,48,4,확인필요,미확인,,C,59,높음,B,69,정상,DART 재무안전 특이사항 낮음,2025,39.1,163.9,173.9,1333.3,DART API,2026-06-16,,,,,KRX PER/PBR/ROE/시가총액 데이터 부족 — 위험 판정이 아니라 추가확인 대상 / DART 재무안전 특이사항 낮음,시장경보 확인필요 / 재무등급 C,제외,현재가<MA60 / 현재가<MA20 / MA20>MA60 / MA60기울기 2.85%,60일선 기준 추세필터 미통과,제외 / 60일선 기준 추세필터 미통과,10611,8470.83,2.85,방어 모드,[수익극대화] + [정석방어],+10% / +20% / +40%,-3% / -5% / -10%,"+10% / +20% / +40%
(40%) / (30%) / (30%)","-3% / -5% / -10%
(70%) / (20%) / (10%)",+10%▶40% 익절 / +20%▶30% 익절 / +40%▶30% 익절,-3%▶70% 손절 / -5%▶20% 손절 / -10%▶10% 손절,2026-01-02,2026-06-15,69,B,참고 가능하나 추가 검증 필요,거래횟수 매우 부족 / MDD 안정,"분야 반도체/전자부품(공식업종) | 후보출처 NAVER,TOSS_CSV, 시장 방어 모드, 기본기술점수 48점→안전필터/추세필터 반영 4점. 안전필터 확인필요, 시장경보 미확인, 재무등급 C, DART재무 B/정상, PER , PBR nan. RSI 37.1, TRIX 둔화, ATR 15.3% 수준. 추세필터 제외(현재가<MA60 / 현재가<MA20 / MA20>MA60 / MA60기울기 2.85%). 백테스트 기준 2026-01-02 ~ 2026-06-15. 과거 구간 최적 조합은 [수익극대화] + [정석방어]. 백테스트 신뢰도는 B(참고 가능하나 추가 검증 필요). 권장 익절은 +10% / +20% / +40%, 손절은 -3% / -5% / -10%. 익절 전략 상세: +10%▶40% 익절 / +20%▶30% 익절 / +40%▶30% 익절. 손절 전략 상세: -3%▶70% 손절 / -5%▶20% 손절 / -10%▶10% 손절. 전략백테스트는 매수비용 0.0005, 매도비용 0.0025, 슬리피지 0.0007를 반영. 추천 투입금액은 약 150,000원. 단, 장중 뉴스/호가/체결강도 확인 후 진입.",37.1,15.29,0.49,예,0.0005,0.0025,0.0007,40.94,-8.52,100,4,150000,18,134.1,+10%,8701,0.4,+20%,9492,0.3,+40%,11074,0.3,-3%,7672,0.7,-5%,7514,0.2,-10%,7119,0.1,40.97,-139.66,,"2023,2024,2025",681.5 / 1221.3 / 1254.8,194.6 / -77.2 / 163.9,2026-06-16,전체후보,반도체/전자부품,금융,반도체/전자부품,공식업종,,반도체/전자부품,26299,표시분야: 반도체/전자부품 / 출처: 공식업종,0,정상,고변동성 ATR 15.3% / 백테스트 거래횟수 부족(4회),⛔ 추세 제외,조건 확인 후 진입,"[과열 체크] 고변동성 ATR 15.3% / 백테스트 거래횟수 부족(4회). 추격매수보다 눌림·재돌파 확인 우선.
후보출처 NAVER,TOSS_CSV, 분야 반도체/전자부품, 점수 4점, 과열판정 정상. 추세/재무/백테스트를 함께 확인 후 진입.",,,,
⛔ 추세 제외,KODEX 증권,102970,KOSPI,NAVER,네이버 거래량 상위,https://finance.naver.com/sise/sise_quant.naver,네이버 금융 거래량 상위 종목을 1차 후보로 사용,,,분야확인필요,,,,,,,,,,,24900,49,3,확인필요,미확인,,C,53,높음,데이터부족,50,확인필요,DART 재무데이터 부족 또는 API키 미입력,2025,,,,,기업코드없음,2026-06-16,,,,,KRX PER/PBR/ROE/시가총액 데이터 부족 — 위험 판정이 아니라 추가확인 대상 / DART 재무데이터 부족 또는 API키 미입력,시장경보 확인필요 / 재무등급 C,제외,현재가<MA60 / 현재가<MA20 / MA20<MA60 / MA60기울기 -0.93%,60일선 기준 추세필터 미통과,제외 / 60일선 기준 추세필터 미통과,25674.25,27200.17,-0.93,방어 모드,[초단타] + [칼손절],+3% / +5% / +10%,-2% / -4% / -6%,"+3% / +5% / +10%
(70%) / (20%) / (10%)","-2% / -4% / -6%
(80%) / (10%) / (10%)",+3%▶70% 익절 / +5%▶20% 익절 / +10%▶10% 익절,-2%▶80% 손절 / -4%▶10% 손절 / -6%▶10% 손절,2026-01-02,2026-06-15,32,D,단독 사용 비권장,거래횟수 매우 부족 / MDD 안정 / 수익률 음수 / 승률 낮음,"분야 분야확인필요(확인필요) | 후보출처 NAVER, 시장 방어 모드, 기본기술점수 49점→안전필터/추세필터 반영 3점. 안전필터 확인필요, 시장경보 미확인, 재무등급 C, DART재무 데이터부족/확인필요, PER , PBR nan. RSI 45.2, TRIX 둔화, ATR 6.7% 수준. 추세필터 제외(현재가<MA60 / 현재가<MA20 / MA20<MA60 / MA60기울기 -0.93%). 백테스트 기준 2026-01-02 ~ 2026-06-15. 과거 구간 최적 조합은 [초단타] + [칼손절]. 백테스트 신뢰도는 D(단독 사용 비권장). 권장 익절은 +3% / +5% / +10%, 손절은 -2% / -4% / -6%. 익절 전략 상세: +3%▶70% 익절 / +5%▶20% 익절 / +10%▶10% 익절. 손절 전략 상세: -2%▶80% 손절 / -4%▶10% 손절 / -6%▶10% 손절. 전략백테스트는 매수비용 0.0005, 매도비용 0.0025, 슬리피지 0.0007를 반영. 추천 투입금액은 약 150,000원. 단, 장중 뉴스/호가/체결강도 확인 후 진입.",45.2,6.69,0.79,예,0.0005,0.0025,0.0007,0,0,0,0,150000,6,643.6,+3%,25647,0.7,+5%,26145,0.2,+10%,27390,0.1,-2%,24402,0.8,-4%,23904,0.1,-6%,23406,0.1,,,,,,,2026-06-16,전체후보,,AI/소프트웨어,분야확인필요,확인필요,,,,표시분야: 분야확인필요 / 출처: 확인필요,3,정상,,⛔ 추세 제외,조건 확인 후 진입,"후보출처 NAVER, 분야 AI/소프트웨어, 점수 3점, 과열판정 정상. 추세/재무/백테스트를 함께 확인 후 진입.",,,,
⛔ 추세 제외,TIGER 2차전지소재Fn,462010,KOSPI,NAVER,네이버 거래량 상위,https://finance.naver.com/sise/sise_quant.naver,네이버 금융 거래량 상위 종목을 1차 후보로 사용,,,분야확인필요,,,,,,,,,,,6570,47,1,확인필요,미확인,,C,53,높음,데이터부족,50,확인필요,DART 재무데이터 부족 또는 API키 미입력,2025,,,,,기업코드없음,2026-06-16,,,,,KRX PER/PBR/ROE/시가총액 데이터 부족 — 위험 판정이 아니라 추가확인 대상 / DART 재무데이터 부족 또는 API키 미입력,시장경보 확인필요 / 재무등급 C,제외,현재가<MA60 / 현재가<MA20 / MA20<MA60 / MA60기울기 -0.47%,60일선 기준 추세필터 미통과,제외 / 60일선 기준 추세필터 미통과,6723.5,7040.33,-0.47,방어 모드,[초단타] + [칼손절],+3% / +5% / +10%,-2% / -4% / -6%,"+3% / +5% / +10%
(70%) / (20%) / (10%)","-2% / -4% / -6%
(80%) / (10%) / (10%)",+3%▶70% 익절 / +5%▶20% 익절 / +10%▶10% 익절,-2%▶80% 손절 / -4%▶10% 손절 / -6%▶10% 손절,2026-01-02,2026-06-15,32,D,단독 사용 비권장,거래횟수 매우 부족 / MDD 안정 / 수익률 음수 / 승률 낮음,"분야 분야확인필요(확인필요) | 후보출처 NAVER, 시장 방어 모드, 기본기술점수 47점→안전필터/추세필터 반영 1점. 안전필터 확인필요, 시장경보 미확인, 재무등급 C, DART재무 데이터부족/확인필요, PER , PBR nan. RSI 46.5, TRIX 둔화, ATR 6.5% 수준. 추세필터 제외(현재가<MA60 / 현재가<MA20 / MA20<MA60 / MA60기울기 -0.47%). 백테스트 기준 2026-01-02 ~ 2026-06-15. 과거 구간 최적 조합은 [초단타] + [칼손절]. 백테스트 신뢰도는 D(단독 사용 비권장). 권장 익절은 +3% / +5% / +10%, 손절은 -2% / -4% / -6%. 익절 전략 상세: +3%▶70% 익절 / +5%▶20% 익절 / +10%▶10% 익절. 손절 전략 상세: -2%▶80% 손절 / -4%▶10% 손절 / -6%▶10% 손절. 전략백테스트는 매수비용 0.0005, 매도비용 0.0025, 슬리피지 0.0007를 반영. 추천 투입금액은 약 150,000원. 단, 장중 뉴스/호가/체결강도 확인 후 진입.",46.5,6.53,0.52,예,0.0005,0.0025,0.0007,0,0,0,0,150000,22,181.3,+3%,6767,0.7,+5%,6898,0.2,+10%,7227,0.1,-2%,6438,0.8,-4%,6307,0.1,-6%,6175,0.1,,,,,,,2026-06-16,전체후보,,AI/소프트웨어,분야확인필요,확인필요,,,,표시분야: 분야확인필요 / 출처: 확인필요,1,정상,,⛔ 추세 제외,조건 확인 후 진입,"후보출처 NAVER, 분야 AI/소프트웨어, 점수 1점, 과열판정 정상. 추세/재무/백테스트를 함께 확인 후 진입.",,,,
⛔ 추세 제외,흥아해운,003280,KOSPI,NAVER,네이버 거래량 상위,https://finance.naver.com/sise/sise_quant.naver,네이버 금융 거래량 상위 종목을 1차 후보로 사용,,,해운/항공,,,,,,,,,,,1884,34,0,확인필요,미확인,,B,63,보통,A,80,정상,DART 재무안전 특이사항 낮음,2025,112.8,303.2,74.2,2599.1,DART API,2026-06-16,,,,,KRX PER/PBR/ROE/시가총액 데이터 부족 — 위험 판정이 아니라 추가확인 대상 / DART 재무안전 특이사항 낮음,시장경보 확인필요,제외,현재가<MA60 / 현재가<MA20 / MA20<MA60 / MA60기울기 -2.15%,60일선 기준 추세필터 미통과,제외 / 60일선 기준 추세필터 미통과,2179.25,2860.17,-2.15,방어 모드,[수익극대화] + [칼손절],+10% / +20% / +40%,-2% / -4% / -6%,"+10% / +20% / +40%
(40%) / (30%) / (30%)","-2% / -4% / -6%
(80%) / (10%) / (10%)",+10%▶40% 익절 / +20%▶30% 익절 / +40%▶30% 익절,-2%▶80% 손절 / -4%▶10% 손절 / -6%▶10% 손절,2026-01-02,2026-06-15,65,B,참고 가능하나 추가 검증 필요,거래횟수 매우 부족 / MDD 안정,"분야 해운/항공(공식업종) | 후보출처 NAVER, 시장 방어 모드, 기본기술점수 34점→안전필터/추세필터 반영 0점. 안전필터 확인필요, 시장경보 미확인, 재무등급 B, DART재무 A/정상, PER , PBR nan. RSI 29.1, TRIX 둔화, ATR 9.9% 수준. 추세필터 제외(현재가<MA60 / 현재가<MA20 / MA20<MA60 / MA60기울기 -2.15%). 백테스트 기준 2026-01-02 ~ 2026-06-15. 과거 구간 최적 조합은 [수익극대화] + [칼손절]. 백테스트 신뢰도는 B(참고 가능하나 추가 검증 필요). 권장 익절은 +10% / +20% / +40%, 손절은 -2% / -4% / -6%. 익절 전략 상세: +10%▶40% 익절 / +20%▶30% 익절 / +40%▶30% 익절. 손절 전략 상세: -2%▶80% 손절 / -4%▶10% 손절 / -6%▶10% 손절. 전략백테스트는 매수비용 0.0005, 매도비용 0.0025, 슬리피지 0.0007를 반영. 추천 투입금액은 약 150,000원. 단, 장중 뉴스/호가/체결강도 확인 후 진입.",29.1,9.95,0.56,예,0.0005,0.0025,0.0007,17.9,-5.31,100,5,150000,79,228.5,+10%,2072,0.4,+20%,2260,0.3,+40%,2637,0.3,-2%,1846,0.8,-4%,1808,0.1,-6%,1770,0.1,5.12,-4.53,,"2023,2024,2025",1648.1 / 1880.0 / 1808.1,347.3 / 399.6 / 303.2,2026-06-16,전체후보,해운/항공,금융,해운/항공,공식업종,,해운/항공,50112,표시분야: 해운/항공 / 출처: 공식업종,0,정상,고변동성 ATR 9.9%,⛔ 추세 제외,조건 확인 후 진입,"[과열 체크] 고변동성 ATR 9.9%. 추격매수보다 눌림·재돌파 확인 우선.
후보출처 NAVER, 분야 해운/항공, 점수 0점, 과열판정 정상. 추세/재무/백테스트를 함께 확인 후 진입.",,,,
⛔ 추세 제외,KODEX 삼성전자SK하이닉스채권혼합50,001770,KOSPI,NAVER,네이버 거래량 상위,https://finance.naver.com/sise/sise_quant.naver,네이버 금융 거래량 상위 종목을 1차 후보로 사용,,,철강/금속,,,,,,,,,,,13130,40,0,확인필요,미확인,,C,59,높음,B,69,정상,DART 재무안전 특이사항 낮음,2025,27.4,19.7,145.5,554,DART API,2026-06-16,,,,,KRX PER/PBR/ROE/시가총액 데이터 부족 — 위험 판정이 아니라 추가확인 대상 / DART 재무안전 특이사항 낮음,시장경보 확인필요 / 재무등급 C,제외,현재가<MA60 / 현재가<MA20 / MA20<MA60 / MA60기울기 -2.17%,60일선 기준 추세필터 미통과,제외 / 60일선 기준 추세필터 미통과,14262,15996.67,-2.17,방어 모드,[초단타] + [변동성허용],+3% / +5% / +10%,-5% / -10% / -15%,"+3% / +5% / +10%
(70%) / (20%) / (10%)","-5% / -10% / -15%
(50%) / (30%) / (20%)",+3%▶70% 익절 / +5%▶20% 익절 / +10%▶10% 익절,-5%▶50% 손절 / -10%▶30% 손절 / -15%▶20% 손절,2026-01-02,2026-06-15,23,D,단독 사용 비권장,거래횟수 매우 부족 / MDD 보통 / 수익률 음수 / 승률 낮음,"분야 철강/금속(공식업종) | 후보출처 NAVER, 시장 방어 모드, 기본기술점수 40점→안전필터/추세필터 반영 0점. 안전필터 확인필요, 시장경보 미확인, 재무등급 C, DART재무 B/정상, PER , PBR nan. RSI 29.3, TRIX 둔화, ATR 3.5% 수준. 추세필터 제외(현재가<MA60 / 현재가<MA20 / MA20<MA60 / MA60기울기 -2.17%). 백테스트 기준 2026-01-02 ~ 2026-06-15. 과거 구간 최적 조합은 [초단타] + [변동성허용]. 백테스트 신뢰도는 D(단독 사용 비권장). 권장 익절은 +3% / +5% / +10%, 손절은 -5% / -10% / -15%. 익절 전략 상세: +3%▶70% 익절 / +5%▶20% 익절 / +10%▶10% 익절. 손절 전략 상세: -5%▶50% 손절 / -10%▶30% 손절 / -15%▶20% 손절. 전략백테스트는 매수비용 0.0005, 매도비용 0.0025, 슬리피지 0.0007를 반영. 추천 투입금액은 약 150,000원. 단, 장중 뉴스/호가/체결강도 확인 후 진입.",29.3,3.51,0.7,예,0.0005,0.0025,0.0007,-11.18,-12.99,0,3,150000,11,813.3,+3%,13523,0.7,+5%,13786,0.2,+10%,14443,0.1,-5%,12473,0.5,-10%,11817,0.3,-15%,11160,0.2,-2.76,1260.89,,"2023,2024,2025",1062.9 / 1066.0 / 1004.0,1.1 / 29.3 / 19.7,2026-06-16,전체후보,철강/금속,반도체,철강/금속,공식업종,,철강/금속,24199,표시분야: 철강/금속 / 출처: 공식업종,0,정상,백테스트 거래횟수 부족(3회),⛔ 추세 제외,조건 확인 후 진입,"[과열 체크] 백테스트 거래횟수 부족(3회). 추격매수보다 눌림·재돌파 확인 우선.
후보출처 NAVER, 분야 철강/금속, 점수 0점, 과열판정 정상. 추세/재무/백테스트를 함께 확인 후 진입.",,,,
⛔ 추세 제외,한라캐스트,125490,KOSDAQ,NAVER,네이버 거래량 상위,https://finance.naver.com/sise/sise_quant.naver,네이버 금융 거래량 상위 종목을 1차 후보로 사용,,,자동차/부품,,,,,,,,,,,12460,42,0,확인필요,미확인,,C,58,높음,B,65,재무주의,부채비율 183% 주의,2025,102.9,36.6,182.9,1055.5,DART API,2026-06-16,,,,,KRX PER/PBR/ROE/시가총액 데이터 부족 — 위험 판정이 아니라 추가확인 대상 / 부채비율 183% 주의,시장경보 확인필요 / 재무등급 C / DART 재무주의,제외,현재가<MA60 / 현재가<MA20 / MA20<MA60 / MA60기울기 -2.00%,60일선 기준 추세필터 미통과,제외 / 60일선 기준 추세필터 미통과,13824,15006.17,-2,방어 모드,[단기스윙] + [칼손절],+5% / +10% / +20%,-2% / -4% / -6%,"+5% / +10% / +20%
(60%) / (30%) / (10%)","-2% / -4% / -6%
(80%) / (10%) / (10%)",+5%▶60% 익절 / +10%▶30% 익절 / +20%▶10% 익절,-2%▶80% 손절 / -4%▶10% 손절 / -6%▶10% 손절,2026-01-02,2026-06-15,40,D,단독 사용 비권장,거래횟수 매우 부족 / MDD 안정 / 수익률 음수,"분야 자동차/부품(공식업종) | 후보출처 NAVER, 시장 방어 모드, 기본기술점수 42점→안전필터/추세필터 반영 0점. 안전필터 확인필요, 시장경보 미확인, 재무등급 C, DART재무 B/재무주의, PER , PBR nan. RSI 42.0, TRIX 둔화, ATR 12.5% 수준. 추세필터 제외(현재가<MA60 / 현재가<MA20 / MA20<MA60 / MA60기울기 -2.00%). 백테스트 기준 2026-01-02 ~ 2026-06-15. 과거 구간 최적 조합은 [단기스윙] + [칼손절]. 백테스트 신뢰도는 D(단독 사용 비권장). 권장 익절은 +5% / +10% / +20%, 손절은 -2% / -4% / -6%. 익절 전략 상세: +5%▶60% 익절 / +10%▶30% 익절 / +20%▶10% 익절. 손절 전략 상세: -2%▶80% 손절 / -4%▶10% 손절 / -6%▶10% 손절. 전략백테스트는 매수비용 0.0005, 매도비용 0.0025, 슬리피지 0.0007를 반영. 추천 투입금액은 약 150,000원. 단, 장중 뉴스/호가/체결강도 확인 후 진입.",42,12.5,0.9,예,0.0005,0.0025,0.0007,-0.29,-5.82,50,2,150000,12,150.7,+5%,13083,0.6,+10%,13706,0.3,+20%,14952,0.1,-2%,12210,0.8,-4%,11961,0.1,-6%,11712,0.1,,,,2025,1558.8,36.6,2026-06-16,전체후보,자동차/부품,금융,자동차/부품,공식업종,,자동차/부품,303,표시분야: 자동차/부품 / 출처: 공식업종,0,정상,고변동성 ATR 12.5% / 백테스트 거래횟수 부족(2회),⛔ 추세 제외,조건 확인 후 진입,"[과열 체크] 고변동성 ATR 12.5% / 백테스트 거래횟수 부족(2회). 추격매수보다 눌림·재돌파 확인 우선.
후보출처 NAVER, 분야 자동차/부품, 점수 0점, 과열판정 정상. 추세/재무/백테스트를 함께 확인 후 진입.",,,,
⛔ 추세 제외,KODEX 2차전지산업,305720,KOSPI,NAVER,네이버 거래량 상위,https://finance.naver.com/sise/sise_quant.naver,네이버 금융 거래량 상위 종목을 1차 후보로 사용,,,분야확인필요,,,,,,,,,,,18245,45,0,확인필요,미확인,,C,53,높음,데이터부족,50,확인필요,DART 재무데이터 부족 또는 API키 미입력,2025,,,,,기업코드없음,2026-06-16,,,,,KRX PER/PBR/ROE/시가총액 데이터 부족 — 위험 판정이 아니라 추가확인 대상 / DART 재무데이터 부족 또는 API키 미입력,시장경보 확인필요 / 재무등급 C,제외,현재가<MA60 / 현재가<MA20 / MA20<MA60 / MA60기울기 0.27%,60일선 기준 추세필터 미통과,제외 / 60일선 기준 추세필터 미통과,18466.75,18798.92,0.27,방어 모드,[초단타] + [칼손절],+3% / +5% / +10%,-2% / -4% / -6%,"+3% / +5% / +10%
(70%) / (20%) / (10%)","-2% / -4% / -6%
(80%) / (10%) / (10%)",+3%▶70% 익절 / +5%▶20% 익절 / +10%▶10% 익절,-2%▶80% 손절 / -4%▶10% 손절 / -6%▶10% 손절,2026-01-02,2026-06-15,32,D,단독 사용 비권장,거래횟수 매우 부족 / MDD 안정 / 수익률 음수 / 승률 낮음,"분야 분야확인필요(확인필요) | 후보출처 NAVER, 시장 방어 모드, 기본기술점수 45점→안전필터/추세필터 반영 0점. 안전필터 확인필요, 시장경보 미확인, 재무등급 C, DART재무 데이터부족/확인필요, PER , PBR nan. RSI 47.9, TRIX 둔화, ATR 6.2% 수준. 추세필터 제외(현재가<MA60 / 현재가<MA20 / MA20<MA60 / MA60기울기 0.27%). 백테스트 기준 2026-01-02 ~ 2026-06-15. 과거 구간 최적 조합은 [초단타] + [칼손절]. 백테스트 신뢰도는 D(단독 사용 비권장). 권장 익절은 +3% / +5% / +10%, 손절은 -2% / -4% / -6%. 익절 전략 상세: +3%▶70% 익절 / +5%▶20% 익절 / +10%▶10% 익절. 손절 전략 상세: -2%▶80% 손절 / -4%▶10% 손절 / -6%▶10% 손절. 전략백테스트는 매수비용 0.0005, 매도비용 0.0025, 슬리피지 0.0007를 반영. 추천 투입금액은 약 150,000원. 단, 장중 뉴스/호가/체결강도 확인 후 진입.",47.9,6.15,0.34,예,0.0005,0.0025,0.0007,0,0,0,0,150000,8,453.7,+3%,18792,0.7,+5%,19157,0.2,+10%,20069,0.1,-2%,17880,0.8,-4%,17515,0.1,-6%,17150,0.1,,,,,,,2026-06-16,전체후보,,AI/소프트웨어,분야확인필요,확인필요,,,,표시분야: 분야확인필요 / 출처: 확인필요,0,정상,,⛔ 추세 제외,조건 확인 후 진입,"후보출처 NAVER, 분야 AI/소프트웨어, 점수 0점, 과열판정 정상. 추세/재무/백테스트를 함께 확인 후 진입.",,,,
⛔ 추세 제외,빛과전자,069540,KOSDAQ,NAVER,네이버 거래량 상위,https://finance.naver.com/sise/sise_quant.naver,네이버 금융 거래량 상위 종목을 1차 후보로 사용,,,반도체/전자부품,,,,,,,,,,,3415,50,0,확인필요,미확인,,C,53,높음,C,51,재무주의,영업이익 확인불가 / 순손실 -196억,2025,,-196.2,57.3,588.8,DART API,2026-06-16,,,,,KRX PER/PBR/ROE/시가총액 데이터 부족 — 위험 판정이 아니라 추가확인 대상 / 영업이익 확인불가 / 순손실 -196억,시장경보 확인필요 / 재무등급 C / DART 재무주의,제외,현재가<MA60 / 현재가<MA20 / MA20>MA60 / MA60기울기 3.91%,60일선 기준 추세필터 미통과,제외 / 60일선 기준 추세필터 미통과,4611.25,4464.23,3.91,방어 모드,[초단타] + [칼손절],+3% / +5% / +10%,-2% / -4% / -6%,"+3% / +5% / +10%
(70%) / (20%) / (10%)","-2% / -4% / -6%
(80%) / (10%) / (10%)",+3%▶70% 익절 / +5%▶20% 익절 / +10%▶10% 익절,-2%▶80% 손절 / -4%▶10% 손절 / -6%▶10% 손절,2026-01-02,2026-06-15,32,D,단독 사용 비권장,거래횟수 매우 부족 / MDD 안정 / 수익률 음수 / 승률 낮음,"분야 반도체/전자부품(공식업종) | 후보출처 NAVER, 시장 방어 모드, 기본기술점수 50점→안전필터/추세필터 반영 0점. 안전필터 확인필요, 시장경보 미확인, 재무등급 C, DART재무 C/재무주의, PER , PBR nan. RSI 39.8, TRIX 둔화, ATR 23.9% 수준. 추세필터 제외(현재가<MA60 / 현재가<MA20 / MA20>MA60 / MA60기울기 3.91%). 백테스트 기준 2026-01-02 ~ 2026-06-15. 과거 구간 최적 조합은 [초단타] + [칼손절]. 백테스트 신뢰도는 D(단독 사용 비권장). 권장 익절은 +3% / +5% / +10%, 손절은 -2% / -4% / -6%. 익절 전략 상세: +3%▶70% 익절 / +5%▶20% 익절 / +10%▶10% 익절. 손절 전략 상세: -2%▶80% 손절 / -4%▶10% 손절 / -6%▶10% 손절. 전략백테스트는 매수비용 0.0005, 매도비용 0.0025, 슬리피지 0.0007를 반영. 추천 투입금액은 약 150,000원. 단, 장중 뉴스/호가/체결강도 확인 후 진입.",39.8,23.88,0.64,예,0.0005,0.0025,0.0007,0,0,0,0,150000,43,352.8,+3%,3517,0.7,+5%,3585,0.2,+10%,3756,0.1,-2%,3346,0.8,-4%,3278,0.1,-6%,3210,0.1,,,,"2023,2024,2025",/  /,-196.2 / -185.8 / -196.2,2026-06-16,전체후보,반도체/전자부품,금융,반도체/전자부품,공식업종,,반도체/전자부품,264,표시분야: 반도체/전자부품 / 출처: 공식업종,0,정상,고변동성 ATR 23.9%,⛔ 추세 제외,조건 확인 후 진입,"[과열 체크] 고변동성 ATR 23.9%. 추격매수보다 눌림·재돌파 확인 우선.
후보출처 NAVER, 분야 반도체/전자부품, 점수 0점, 과열판정 정상. 추세/재무/백테스트를 함께 확인 후 진입.",,,,
⛔ 추세 제외,SK증권,001510,KOSPI,NAVER,네이버 거래량 상위,https://finance.naver.com/sise/sise_quant.naver,네이버 금융 거래량 상위 종목을 1차 후보로 사용,,,금융서비스,,,,,,,,,,,3225,54,0,확인필요,미확인,,C,53,높음,C,51,재무주의,부채비율 1135% 과다,2025,77.9,287,1134.5,6046.2,DART API,2026-06-16,,,,,KRX PER/PBR/ROE/시가총액 데이터 부족 — 위험 판정이 아니라 추가확인 대상 / 부채비율 1135% 과다,시장경보 확인필요 / 재무등급 C / DART 재무주의,제외,현재가<MA60 / 현재가<MA20 / MA20<MA60 / MA60기울기 -1.02%,60일선 기준 추세필터 미통과,제외 / 60일선 기준 추세필터 미통과,3446.25,4018.58,-1.02,방어 모드,[초단타] + [칼손절],+3% / +5% / +10%,-2% / -4% / -6%,"+3% / +5% / +10%
(70%) / (20%) / (10%)","-2% / -4% / -6%
(80%) / (10%) / (10%)",+3%▶70% 익절 / +5%▶20% 익절 / +10%▶10% 익절,-2%▶80% 손절 / -4%▶10% 손절 / -6%▶10% 손절,2026-01-02,2026-06-15,32,D,단독 사용 비권장,거래횟수 매우 부족 / MDD 안정 / 수익률 음수 / 승률 낮음,"분야 금융서비스(공식업종) | 후보출처 NAVER, 시장 방어 모드, 기본기술점수 54점→안전필터/추세필터 반영 0점. 안전필터 확인필요, 시장경보 미확인, 재무등급 C, DART재무 C/재무주의, PER , PBR nan. RSI 42.3, TRIX 둔화, ATR 11.1% 수준. 추세필터 제외(현재가<MA60 / 현재가<MA20 / MA20<MA60 / MA60기울기 -1.02%). 백테스트 기준 2026-01-02 ~ 2026-06-15. 과거 구간 최적 조합은 [초단타] + [칼손절]. 백테스트 신뢰도는 D(단독 사용 비권장). 권장 익절은 +3% / +5% / +10%, 손절은 -2% / -4% / -6%. 익절 전략 상세: +3%▶70% 익절 / +5%▶20% 익절 / +10%▶10% 익절. 손절 전략 상세: -2%▶80% 손절 / -4%▶10% 손절 / -6%▶10% 손절. 전략백테스트는 매수비용 0.0005, 매도비용 0.0025, 슬리피지 0.0007를 반영. 추천 투입금액은 약 150,000원. 단, 장중 뉴스/호가/체결강도 확인 후 진입.",42.3,11.09,0.53,예,0.0005,0.0025,0.0007,0,0,0,0,150000,46,171.4,+3%,3321,0.7,+5%,3386,0.2,+10%,3547,0.1,-2%,3160,0.8,-4%,3096,0.1,-6%,3031,0.1,6.36,-2712.17,,"2023,2024,2025",290.3 / 256.3 / 319.0,31.9 / -832.7 / 287.0,2026-06-16,전체후보,금융서비스,금융,금융서비스,공식업종,,금융서비스,66121,표시분야: 금융서비스 / 출처: 공식업종,0,정상,고변동성 ATR 11.1%,⛔ 추세 제외,조건 확인 후 진입,"[과열 체크] 고변동성 ATR 11.1%. 추격매수보다 눌림·재돌파 확인 우선.
후보출처 NAVER, 분야 금융서비스, 점수 0점, 과열판정 정상. 추세/재무/백테스트를 함께 확인 후 진입.",,,,
⛔ 추세 제외,켄코아에어로스페이스,274090,KOSDAQ,NAVER,네이버 거래량 상위,https://finance.naver.com/sise/sise_quant.naver,네이버 금융 거래량 상위 종목을 1차 후보로 사용,,,조선/운송장비,,,,,,,,,,,18100,48,0,확인필요,미확인,,C,51,높음,D,44,재무주의,영업이익 확인불가 / 순손실 -155억,2025,,-154.7,145.2,1603.5,DART API,2026-06-16,,,,,KRX PER/PBR/ROE/시가총액 데이터 부족 — 위험 판정이 아니라 추가확인 대상 / 영업이익 확인불가 / 순손실 -155억,시장경보 확인필요 / 재무등급 C / DART 재무주의,제외,현재가<MA60 / 현재가<MA20 / MA20>MA60 / MA60기울기 -0.39%,60일선 기준 추세필터 미통과,제외 / 60일선 기준 추세필터 미통과,24719.5,22743.33,-0.39,방어 모드,[수익극대화] + [정석방어],+10% / +20% / +40%,-3% / -5% / -10%,"+10% / +20% / +40%
(40%) / (30%) / (30%)","-3% / -5% / -10%
(70%) / (20%) / (10%)",+10%▶40% 익절 / +20%▶30% 익절 / +40%▶30% 익절,-3%▶70% 손절 / -5%▶20% 손절 / -10%▶10% 손절,2026-01-02,2026-06-15,57,C,최근 적합성 참고 수준,거래횟수 매우 부족 / MDD 보통,"분야 조선/운송장비(공식업종) | 후보출처 NAVER, 시장 방어 모드, 기본기술점수 48점→안전필터/추세필터 반영 0점. 안전필터 확인필요, 시장경보 미확인, 재무등급 C, DART재무 D/재무주의, PER , PBR nan. RSI 37.9, TRIX 둔화, ATR 21.7% 수준. 추세필터 제외(현재가<MA60 / 현재가<MA20 / MA20>MA60 / MA60기울기 -0.39%). 백테스트 기준 2026-01-02 ~ 2026-06-15. 과거 구간 최적 조합은 [수익극대화] + [정석방어]. 백테스트 신뢰도는 C(최근 적합성 참고 수준). 권장 익절은 +10% / +20% / +40%, 손절은 -3% / -5% / -10%. 익절 전략 상세: +10%▶40% 익절 / +20%▶30% 익절 / +40%▶30% 익절. 손절 전략 상세: -3%▶70% 손절 / -5%▶20% 손절 / -10%▶10% 손절. 전략백테스트는 매수비용 0.0005, 매도비용 0.0025, 슬리피지 0.0007를 반영. 추천 투입금액은 약 150,000원. 단, 장중 뉴스/호가/체결강도 확인 후 진입.",37.9,21.72,0.45,예,0.0005,0.0025,0.0007,21.08,-14.9,75,4,150000,8,207.8,+10%,19910,0.4,+20%,21720,0.3,+40%,25340,0.3,-3%,17557,0.7,-5%,17195,0.2,-10%,16290,0.1,-8.4,,,"2023,2024,2025",911.4 / 861.5 / 763.9,/  / -154.7,2026-06-16,전체후보,조선/운송장비,금융,조선/운송장비,공식업종,,조선/운송장비,31322,표시분야: 조선/운송장비 / 출처: 공식업종,0,정상,고변동성 ATR 21.7% / 백테스트 거래횟수 부족(4회),⛔ 추세 제외,조건 확인 후 진입,"[과열 체크] 고변동성 ATR 21.7% / 백테스트 거래횟수 부족(4회). 추격매수보다 눌림·재돌파 확인 우선.
후보출처 NAVER, 분야 조선/운송장비, 점수 0점, 과열판정 정상. 추세/재무/백테스트를 함께 확인 후 진입.",,,,
⛔ 추세 제외,엠엑스온,347890,KOSDAQ,NAVER,네이버 거래량 상위,https://finance.naver.com/sise/sise_quant.naver,네이버 금융 거래량 상위 종목을 1차 후보로 사용,,,의료기기/정밀기기,,,,,,,,,,,5200,66,0,확인필요,미확인,,C,47,높음,D,33,재무위험관찰,영업손실 -58억 / 순손실 -28억,2025,-58.3,-28.4,160.6,1218.7,DART API,2026-06-16,,,,,KRX PER/PBR/ROE/시가총액 데이터 부족 — 위험 판정이 아니라 추가확인 대상 / 영업손실 -58억 / 순손실 -28억,시장경보 확인필요 / 재무등급 C / DART 재무위험관찰,제외,현재가<MA60 / 현재가<MA20 / MA20<MA60 / MA60기울기 -0.98%,60일선 기준 추세필터 미통과,제외 / 60일선 기준 추세필터 미통과,5265.75,5473.42,-0.98,방어 모드,[초단타] + [버티기형],+3% / +5% / +10%,-5% / -15% / -20%,"+3% / +5% / +10%
(70%) / (20%) / (10%)","-5% / -15% / -20%
(40%) / (30%) / (30%)",+3%▶70% 익절 / +5%▶20% 익절 / +10%▶10% 익절,-5%▶40% 손절 / -15%▶30% 손절 / -20%▶30% 손절,2026-01-02,2026-06-15,61,C,최근 적합성 참고 수준,거래횟수 매우 부족 / MDD 안정,"분야 의료기기/정밀기기(공식업종) | 후보출처 NAVER, 시장 방어 모드, 기본기술점수 66점→안전필터/추세필터 반영 0점. 안전필터 확인필요, 시장경보 미확인, 재무등급 C, DART재무 D/재무위험관찰, PER , PBR nan. RSI 46.7, TRIX 둔화, ATR 7.6% 수준. 추세필터 제외(현재가<MA60 / 현재가<MA20 / MA20<MA60 / MA60기울기 -0.98%). 백테스트 기준 2026-01-02 ~ 2026-06-15. 과거 구간 최적 조합은 [초단타] + [버티기형]. 백테스트 신뢰도는 C(최근 적합성 참고 수준). 권장 익절은 +3% / +5% / +10%, 손절은 -5% / -15% / -20%. 익절 전략 상세: +3%▶70% 익절 / +5%▶20% 익절 / +10%▶10% 익절. 손절 전략 상세: -5%▶40% 손절 / -15%▶30% 손절 / -20%▶30% 손절. 전략백테스트는 매수비용 0.0005, 매도비용 0.0025, 슬리피지 0.0007를 반영. 추천 투입금액은 약 150,000원. 단, 장중 뉴스/호가/체결강도 확인 후 진입.",46.7,7.6,15.25,예,0.0005,0.0025,0.0007,3.39,-6.27,66.7,3,150000,28,156.5,+3%,5356,0.7,+5%,5460,0.2,+10%,5720,0.1,-5%,4940,0.4,-15%,4420,0.3,-20%,4160,0.3,40.31,-71.62,,"2023,2024,2025",330.2 / 367.9 / 622.5,63.2 / 63.9 / -28.4,2026-06-16,전체후보,의료기기/정밀기기,금융,의료기기/정밀기기,공식업종,,의료기기/정밀기기,27216,표시분야: 의료기기/정밀기기 / 출처: 공식업종,0,정상,백테스트 거래횟수 부족(3회),⛔ 추세 제외,조건 확인 후 진입,"[과열 체크] 백테스트 거래횟수 부족(3회). 추격매수보다 눌림·재돌파 확인 우선.
후보출처 NAVER, 분야 의료기기/정밀기기, 점수 0점, 과열판정 정상. 추세/재무/백테스트를 함께 확인 후 진입.",,,,
⛔ 추세 제외,SFA반도체,036540,KOSDAQ,NAVER,네이버 거래량 상위,https://finance.naver.com/sise/sise_quant.naver,네이버 금융 거래량 상위 종목을 1차 후보로 사용,,,반도체/전자부품,,,,,,,,,,,7370,49,0,확인필요,미확인,,C,47,높음,D,33,재무위험관찰,영업손실 -196억 / 순손실 -191억,2025,-196.3,-191.3,116.2,4728.3,DART API,2026-06-16,,,,,KRX PER/PBR/ROE/시가총액 데이터 부족 — 위험 판정이 아니라 추가확인 대상 / 영업손실 -196억 / 순손실 -191억,시장경보 확인필요 / 재무등급 C / DART 재무위험관찰,제외,현재가<MA60 / 현재가<MA20 / MA20>MA60 / MA60기울기 0.05%,60일선 기준 추세필터 미통과,제외 / 60일선 기준 추세필터 미통과,8103,7675.67,0.05,방어 모드,[초단타] + [칼손절],+3% / +5% / +10%,-2% / -4% / -6%,"+3% / +5% / +10%
(70%) / (20%) / (10%)","-2% / -4% / -6%
(80%) / (10%) / (10%)",+3%▶70% 익절 / +5%▶20% 익절 / +10%▶10% 익절,-2%▶80% 손절 / -4%▶10% 손절 / -6%▶10% 손절,2026-01-02,2026-06-15,32,D,단독 사용 비권장,거래횟수 매우 부족 / MDD 안정 / 수익률 음수 / 승률 낮음,"분야 반도체/전자부품(공식업종) | 후보출처 NAVER, 시장 방어 모드, 기본기술점수 49점→안전필터/추세필터 반영 0점. 안전필터 확인필요, 시장경보 미확인, 재무등급 C, DART재무 D/재무위험관찰, PER , PBR nan. RSI 46.2, TRIX 둔화, ATR 11.6% 수준. 추세필터 제외(현재가<MA60 / 현재가<MA20 / MA20>MA60 / MA60기울기 0.05%). 백테스트 기준 2026-01-02 ~ 2026-06-15. 과거 구간 최적 조합은 [초단타] + [칼손절]. 백테스트 신뢰도는 D(단독 사용 비권장). 권장 익절은 +3% / +5% / +10%, 손절은 -2% / -4% / -6%. 익절 전략 상세: +3%▶70% 익절 / +5%▶20% 익절 / +10%▶10% 익절. 손절 전략 상세: -2%▶80% 손절 / -4%▶10% 손절 / -6%▶10% 손절. 전략백테스트는 매수비용 0.0005, 매도비용 0.0025, 슬리피지 0.0007를 반영. 추천 투입금액은 약 150,000원. 단, 장중 뉴스/호가/체결강도 확인 후 진입.",46.2,11.58,0.22,예,0.0005,0.0025,0.0007,0,0,0,0,150000,20,199.9,+3%,7591,0.7,+5%,7738,0.2,+10%,8107,0.1,-2%,7222,0.8,-4%,7075,0.1,-6%,6927,0.1,-8.37,-193.51,,"2023,2024,2025",4375.9 / 4004.8 / 3673.9,-140.4 / 204.6 / -191.3,2026-06-16,전체후보,반도체/전자부품,반도체,반도체/전자부품,공식업종,,반도체/전자부품,2611,표시분야: 반도체/전자부품 / 출처: 공식업종,0,정상,고변동성 ATR 11.6%,⛔ 추세 제외,조건 확인 후 진입,"[과열 체크] 고변동성 ATR 11.6%. 추격매수보다 눌림·재돌파 확인 우선.
후보출처 NAVER, 분야 반도체/전자부품, 점수 0점, 과열판정 정상. 추세/재무/백테스트를 함께 확인 후 진입.",,,,
⛔ 추세 제외,LS머트리얼즈,417200,KOSDAQ,NAVER,네이버 거래량 상위,https://finance.naver.com/sise/sise_quant.naver,네이버 금융 거래량 상위 종목을 1차 후보로 사용,,,반도체/전자부품,,,,,,,,,,,17320,55,0,확인필요,미확인,,C,47,높음,D,33,재무위험관찰,영업손실 -1억 / 순손실 -10억,2025,-1.4,-10.1,133.2,2060.7,DART API,2026-06-16,,,,,KRX PER/PBR/ROE/시가총액 데이터 부족 — 위험 판정이 아니라 추가확인 대상 / 영업손실 -1억 / 순손실 -10억,시장경보 확인필요 / 재무등급 C / DART 재무위험관찰,제외,현재가<MA60 / 현재가<MA20 / MA20<MA60 / MA60기울기 -1.45%,60일선 기준 추세필터 미통과,제외 / 60일선 기준 추세필터 미통과,19898,22148,-1.45,방어 모드,[초단타] + [칼손절],+3% / +5% / +10%,-2% / -4% / -6%,"+3% / +5% / +10%
(70%) / (20%) / (10%)","-2% / -4% / -6%
(80%) / (10%) / (10%)",+3%▶70% 익절 / +5%▶20% 익절 / +10%▶10% 익절,-2%▶80% 손절 / -4%▶10% 손절 / -6%▶10% 손절,2026-01-02,2026-06-15,32,D,단독 사용 비권장,거래횟수 매우 부족 / MDD 안정 / 수익률 음수 / 승률 낮음,"분야 반도체/전자부품(공식업종) | 후보출처 NAVER, 시장 방어 모드, 기본기술점수 55점→안전필터/추세필터 반영 0점. 안전필터 확인필요, 시장경보 미확인, 재무등급 C, DART재무 D/재무위험관찰, PER , PBR nan. RSI 37.0, TRIX 둔화, ATR 9.9% 수준. 추세필터 제외(현재가<MA60 / 현재가<MA20 / MA20<MA60 / MA60기울기 -1.45%). 백테스트 기준 2026-01-02 ~ 2026-06-15. 과거 구간 최적 조합은 [초단타] + [칼손절]. 백테스트 신뢰도는 D(단독 사용 비권장). 권장 익절은 +3% / +5% / +10%, 손절은 -2% / -4% / -6%. 익절 전략 상세: +3%▶70% 익절 / +5%▶20% 익절 / +10%▶10% 익절. 손절 전략 상세: -2%▶80% 손절 / -4%▶10% 손절 / -6%▶10% 손절. 전략백테스트는 매수비용 0.0005, 매도비용 0.0025, 슬리피지 0.0007를 반영. 추천 투입금액은 약 150,000원. 단, 장중 뉴스/호가/체결강도 확인 후 진입.",37,9.91,0.65,예,0.0005,0.0025,0.0007,0,0,0,0,150000,8,168.4,+3%,17839,0.7,+5%,18186,0.2,+10%,19052,0.1,-2%,16973,0.8,-4%,16627,0.1,-6%,16280,0.1,,-85.57,,"2023,2024,2025",/  /,122.2 / 56.9 / -10.1,2026-06-16,전체후보,반도체/전자부품,금융,반도체/전자부품,공식업종,,반도체/전자부품,26291,표시분야: 반도체/전자부품 / 출처: 공식업종,0,정상,고변동성 ATR 9.9%,⛔ 추세 제외,조건 확인 후 진입,"[과열 체크] 고변동성 ATR 9.9%. 추격매수보다 눌림·재돌파 확인 우선.
후보출처 NAVER, 분야 반도체/전자부품, 점수 0점, 과열판정 정상. 추세/재무/백테스트를 함께 확인 후 진입.",,,,
⛔ 추세 제외,현대바이오,048410,KOSDAQ,NAVER,네이버 거래량 상위,https://finance.naver.com/sise/sise_quant.naver,네이버 금융 거래량 상위 종목을 1차 후보로 사용,,,화학,,,,,,,,,,,9530,38,0,확인필요,미확인,,C,47,높음,D,33,재무위험관찰,영업손실 -182억 / 순손실 -221억,2025,-181.6,-221.3,118.1,1107.3,DART API,2026-06-16,,,,,KRX PER/PBR/ROE/시가총액 데이터 부족 — 위험 판정이 아니라 추가확인 대상 / 영업손실 -182억 / 순손실 -221억,시장경보 확인필요 / 재무등급 C / DART 재무위험관찰,제외,현재가<MA60 / 현재가<MA20 / MA20<MA60 / MA60기울기 -4.33%,60일선 기준 추세필터 미통과,제외 / 60일선 기준 추세필터 미통과,10900.5,12888,-4.33,방어 모드,[초단타] + [칼손절],+3% / +5% / +10%,-2% / -4% / -6%,"+3% / +5% / +10%
(70%) / (20%) / (10%)","-2% / -4% / -6%
(80%) / (10%) / (10%)",+3%▶70% 익절 / +5%▶20% 익절 / +10%▶10% 익절,-2%▶80% 손절 / -4%▶10% 손절 / -6%▶10% 손절,2026-01-02,2026-06-15,32,D,단독 사용 비권장,거래횟수 매우 부족 / MDD 안정 / 수익률 음수 / 승률 낮음,"분야 화학(공식업종) | 후보출처 NAVER, 시장 방어 모드, 기본기술점수 38점→안전필터/추세필터 반영 0점. 안전필터 확인필요, 시장경보 미확인, 재무등급 C, DART재무 D/재무위험관찰, PER , PBR nan. RSI 39.9, TRIX 둔화, ATR 13.9% 수준. 추세필터 제외(현재가<MA60 / 현재가<MA20 / MA20<MA60 / MA60기울기 -4.33%). 백테스트 기준 2026-01-02 ~ 2026-06-15. 과거 구간 최적 조합은 [초단타] + [칼손절]. 백테스트 신뢰도는 D(단독 사용 비권장). 권장 익절은 +3% / +5% / +10%, 손절은 -2% / -4% / -6%. 익절 전략 상세: +3%▶70% 익절 / +5%▶20% 익절 / +10%▶10% 익절. 손절 전략 상세: -2%▶80% 손절 / -4%▶10% 손절 / -6%▶10% 손절. 전략백테스트는 매수비용 0.0005, 매도비용 0.0025, 슬리피지 0.0007를 반영. 추천 투입금액은 약 150,000원. 단, 장중 뉴스/호가/체결강도 확인 후 진입.",39.9,13.9,0.39,예,0.0005,0.0025,0.0007,-4.71,-4.71,0,3,150000,15,121.4,+3%,9815,0.7,+5%,10006,0.2,+10%,10483,0.1,-2%,9339,0.8,-4%,9148,0.1,-6%,8958,0.1,-8.95,,,"2023,2024,2025",94.8 / 150.5 / 35.2,-145.0 / -69.3 / -221.3,2026-06-16,전체후보,화학,제약/바이오,화학,공식업종,,화학,204,표시분야: 화학 / 출처: 공식업종,0,정상,고변동성 ATR 13.9% / 백테스트 거래횟수 부족(3회),⛔ 추세 제외,조건 확인 후 진입,"[과열 체크] 고변동성 ATR 13.9% / 백테스트 거래횟수 부족(3회). 추격매수보다 눌림·재돌파 확인 우선.
후보출처 NAVER, 분야 화학, 점수 0점, 과열판정 정상. 추세/재무/백테스트를 함께 확인 후 진입.",,,,
⛔ 추세 제외,대우건설,047040,KOSPI,NAVER,네이버 거래량 상위,https://finance.naver.com/sise/sise_quant.naver,네이버 금융 거래량 상위 종목을 1차 후보로 사용,,,건설,,,,,,,,,,,22900,58,0,확인필요,미확인,,D,41,매우높음,D,15,재무위험관찰,영업손실 -8154억 / 순손실 -9161억 / 부채비율 284% 과다,2025,-8154.3,-9160.8,284.5,34746.1,DART API,2026-06-16,,,,,KRX PER/PBR/ROE/시가총액 데이터 부족 — 위험 판정이 아니라 추가확인 대상 / 영업손실 -8154억 / 순손실 -9161억 / 부채비율 284% 과다,시장경보 확인필요 / 재무등급 D / DART 재무위험관찰,제외,현재가<MA60 / 현재가<MA20 / MA20<MA60 / MA60기울기 3.44%,60일선 기준 추세필터 미통과,제외 / 60일선 기준 추세필터 미통과,24770,25134.33,3.44,방어 모드,[초단타] + [칼손절],+3% / +5% / +10%,-2% / -4% / -6%,"+3% / +5% / +10%
(70%) / (20%) / (10%)","-2% / -4% / -6%
(80%) / (10%) / (10%)",+3%▶70% 익절 / +5%▶20% 익절 / +10%▶10% 익절,-2%▶80% 손절 / -4%▶10% 손절 / -6%▶10% 손절,2026-01-02,2026-06-15,32,D,단독 사용 비권장,거래횟수 매우 부족 / MDD 안정 / 수익률 음수 / 승률 낮음,"분야 건설(공식업종) | 후보출처 NAVER, 시장 방어 모드, 기본기술점수 58점→안전필터/추세필터 반영 0점. 안전필터 확인필요, 시장경보 미확인, 재무등급 D, DART재무 D/재무위험관찰, PER , PBR nan. RSI 43.8, TRIX 둔화, ATR 10.8% 수준. 추세필터 제외(현재가<MA60 / 현재가<MA20 / MA20<MA60 / MA60기울기 3.44%). 백테스트 기준 2026-01-02 ~ 2026-06-15. 과거 구간 최적 조합은 [초단타] + [칼손절]. 백테스트 신뢰도는 D(단독 사용 비권장). 권장 익절은 +3% / +5% / +10%, 손절은 -2% / -4% / -6%. 익절 전략 상세: +3%▶70% 익절 / +5%▶20% 익절 / +10%▶10% 익절. 손절 전략 상세: -2%▶80% 손절 / -4%▶10% 손절 / -6%▶10% 손절. 전략백테스트는 매수비용 0.0005, 매도비용 0.0025, 슬리피지 0.0007를 반영. 추천 투입금액은 약 150,000원. 단, 장중 뉴스/호가/체결강도 확인 후 진입.",43.8,10.78,1.06,예,0.0005,0.0025,0.0007,0,0,0,0,150000,6,2622.9,+3%,23587,0.7,+5%,24045,0.2,+10%,25190,0.1,-2%,22442,0.8,-4%,21984,0.1,-6%,21526,0.1,-16.57,-265.33,,"2023,2024,2025",116478.0 / 105036.1 / 80546.3,5214.8 / 2428.5 / -9160.8,2026-06-16,전체후보,건설,건설/건자재,건설,공식업종,,건설,41112,표시분야: 건설 / 출처: 공식업종,0,정상,고변동성 ATR 10.8%,⛔ 추세 제외,조건 확인 후 진입,"[과열 체크] 고변동성 ATR 10.8%. 추격매수보다 눌림·재돌파 확인 우선.
후보출처 NAVER, 분야 건설, 점수 0점, 과열판정 정상. 추세/재무/백테스트를 함께 확인 후 진입.",,,,
